pol_issue_month,MCV,pol_product_category_code,cus_new_flag,event3_after,event3_treated,event6_after,event6_treated,event8_after,event8_treated,event11_after,event11_treated,event12_after,event12_treated,event13_after,event13_treated,event17_after,event17_treated,event23_after,event23_treated,event24_after,event24_treated,event25_after,event25_treated,event26_after,event26_treated,event27_after,event27_treated
2021-01,0,Medical,0,0,0,0,0,0,0,0,0,0,1,0,0,0,0,1,0,0,1,0,0,0,1,0,0
2021-01,0,Medical,1,0,0,0,0,0,0,0,0,0,1,0,0,0,0,1,0,0,1,0,0,0,1,0,0
2021-01,0,Investment,0,0,0,0,0,0,0,0,0,0,0,0,0,0,1,1,0,0,1,0,0,0,0,0,0
2021-01,0,Investment,1,0,0,0,0,0,0,0,0,0,0,0,0,0,1,1,0,0,1,0,0,0,0,0,0
2021-01,0,Saving,0,0,0,0,0,0,0,0,0,0,0,0,0,0,1,1,0,0,1,0,0,0,0,0,0
2021-01,0,Saving,1,0,0,0,0,0,0,0,0,0,0,0,0,0,1,1,0,0,1,0,0,0,0,0,0
2021-01,0,Annuity,0,0,0,0,0,0,0,0,0,0,0,0,0,0,0,1,0,0,1,0,0,0,0,0,0
2021-01,0,Annuity,1,0,0,0,0,0,0,0,0,0,0,0,0,0,0,1,0,0,1,0,0,0,0,0,0
2021-01,0,Accident & Disability,0,0,0,0,0,0,0,0,0,0,0,0,0,0,0,1,0,0,1,0,0,0,1,0,0
2021-01,0,Accident & Disability,1,0,0,0,0,0,0,0,0,0,0,0,0,0,0,1,0,0,1,0,0,0,1,0,0
2021-01,0,Term Life,0,0,0,0,0,0,0,0,0,0,0,0,0,0,0,1,0,0,1,0,0,0,0,0,0
2021-01,0,Term Life,1,0,0,0,0,0,0,0,0,0,0,0,0,0,0,1,0,0,1,0,0,0,0,0,0
2021-01,0,Critical Illness,0,0,0,0,0,0,0,0,0,0,0,0,0,0,0,1,0,0,1,0,0,0,1,0,0
2021-01,0,Critical Illness,1,0,0,0,0,0,0,0,0,0,0,0,0,0,0,1,0,0,1,0,0,0,1,0,0
2021-01,1,Medical,0,0,1,0,1,0,1,0,1,0,1,0,1,0,0,1,1,0,0,0,1,0,1,0,0
2021-01,1,Medical,1,0,1,0,1,0,1,0,1,0,1,0,1,0,0,1,1,0,0,0,1,0,1,0,0
2021-01,1,Investment,0,0,1,0,1,0,1,0,1,0,0,0,1,0,1,1,1,0,0,0,1,0,0,0,1
2021-01,1,Investment,1,0,1,0,1,0,1,0,1,0,0,0,1,0,1,1,1,0,0,0,1,0,0,0,1
2021-01,1,Saving,0,0,1,0,1,0,1,0,1,0,0,0,1,0,1,1,1,0,0,0,1,0,0,0,1
2021-01,1,Saving,1,0,1,0,1,0,1,0,1,0,0,0,1,0,1,1,1,0,0,0,1,0,0,0,1
2021-01,1,Annuity,0,0,1,0,1,0,1,0,1,0,0,0,1,0,0,1,1,0,0,0,1,0,0,0,0
2021-01,1,Annuity,1,0,1,0,1,0,1,0,1,0,0,0,1,0,0,1,1,0,0,0,1,0,0,0,0
2021-01,1,Accident & Disability,0,0,1,0,1,0,1,0,1,0,0,0,1,0,0,1,1,0,0,0,1,0,1,0,0
2021-01,1,Accident & Disability,1,0,1,0,1,0,1,0,1,0,0,0,1,0,0,1,1,0,0,0,1,0,1,0,0
2021-01,1,Term Life,0,0,1,0,1,0,1,0,1,0,0,0,1,0,0,1,1,0,0,0,1,0,0,0,0
2021-01,1,Term Life,1,0,1,0,1,0,1,0,1,0,0,0,1,0,0,1,1,0,0,0,1,0,0,0,0
2021-01,1,Critical Illness,0,0,1,0,1,0,1,0,1,0,0,0,1,0,0,1,1,0,0,0,1,0,1,0,0
2021-01,1,Critical Illness,1,0,1,0,1,0,1,0,1,0,0,0,1,0,0,1,1,0,0,0,1,0,1,0,0
2021-02,0,Medical,0,0,0,0,0,0,0,0,0,0,1,0,0,0,0,1,0,0,1,0,0,0,1,0,0
2021-02,0,Medical,1,0,0,0,0,0,0,0,0,0,1,0,0,0,0,1,0,0,1,0,0,0,1,0,0
2021-02,0,Investment,0,0,0,0,0,0,0,0,0,0,0,0,0,0,1,1,0,0,1,0,0,0,0,0,0
2021-02,0,Investment,1,0,0,0,0,0,0,0,0,0,0,0,0,0,1,1,0,0,1,0,0,0,0,0,0
2021-02,0,Saving,0,0,0,0,0,0,0,0,0,0,0,0,0,0,1,1,0,0,1,0,0,0,0,0,0
2021-02,0,Saving,1,0,0,0,0,0,0,0,0,0,0,0,0,0,1,1,0,0,1,0,0,0,0,0,0
2021-02,0,Annuity,0,0,0,0,0,0,0,0,0,0,0,0,0,0,0,1,0,0,1,0,0,0,0,0,0
2021-02,0,Annuity,1,0,0,0,0,0,0,0,0,0,0,0,0,0,0,1,0,0,1,0,0,0,0,0,0
2021-02,0,Accident & Disability,0,0,0,0,0,0,0,0,0,0,0,0,0,0,0,1,0,0,1,0,0,0,1,0,0
2021-02,0,Accident & Disability,1,0,0,0,0,0,0,0,0,0,0,0,0,0,0,1,0,0,1,0,0,0,1,0,0
2021-02,0,Term Life,0,0,0,0,0,0,0,0,0,0,0,0,0,0,0,1,0,0,1,0,0,0,0,0,0
2021-02,0,Term Life,1,0,0,0,0,0,0,0,0,0,0,0,0,0,0,1,0,0,1,0,0,0,0,0,0
2021-02,0,Critical Illness,0,0,0,0,0,0,0,0,0,0,0,0,0,0,0,1,0,0,1,0,0,0,1,0,0
2021-02,0,Critical Illness,1,0,0,0,0,0,0,0,0,0,0,0,0,0,0,1,0,0,1,0,0,0,1,0,0
2021-02,1,Medical,0,0,1,0,1,0,1,0,1,0,1,0,1,0,0,1,1,0,0,0,1,0,1,0,0
2021-02,1,Medical,1,0,1,0,1,0,1,0,1,0,1,0,1,0,0,1,1,0,0,0,1,0,1,0,0
2021-02,1,Investment,0,0,1,0,1,0,1,0,1,0,0,0,1,0,1,1,1,0,0,0,1,0,0,0,1
2021-02,1,Investment,1,0,1,0,1,0,1,0,1,0,0,0,1,0,1,1,1,0,0,0,1,0,0,0,1
2021-02,1,Saving,0,0,1,0,1,0,1,0,1,0,0,0,1,0,1,1,1,0,0,0,1,0,0,0,1
2021-02,1,Saving,1,0,1,0,1,0,1,0,1,0,0,0,1,0,1,1,1,0,0,0,1,0,0,0,1
2021-02,1,Annuity,0,0,1,0,1,0,1,0,1,0,0,0,1,0,0,1,1,0,0,0,1,0,0,0,0
2021-02,1,Annuity,1,0,1,0,1,0,1,0,1,0,0,0,1,0,0,1,1,0,0,0,1,0,0,0,0
2021-02,1,Accident & Disability,0,0,1,0,1,0,1,0,1,0,0,0,1,0,0,1,1,0,0,0,1,0,1,0,0
2021-02,1,Accident & Disability,1,0,1,0,1,0,1,0,1,0,0,0,1,0,0,1,1,0,0,0,1,0,1,0,0
2021-02,1,Term Life,0,0,1,0,1,0,1,0,1,0,0,0,1,0,0,1,1,0,0,0,1,0,0,0,0
2021-02,1,Term Life,1,0,1,0,1,0,1,0,1,0,0,0,1,0,0,1,1,0,0,0,1,0,0,0,0
2021-02,1,Critical Illness,0,0,1,0,1,0,1,0,1,0,0,0,1,0,0,1,1,0,0,0,1,0,1,0,0
2021-02,1,Critical Illness,1,0,1,0,1,0,1,0,1,0,0,0,1,0,0,1,1,0,0,0,1,0,1,0,0
2021-03,0,Medical,0,0,0,0,0,0,0,0,0,0,1,0,0,0,0,1,0,0,1,0,0,0,1,0,0
2021-03,0,Medical,1,0,0,0,0,0,0,0,0,0,1,0,0,0,0,1,0,0,1,0,0,0,1,0,0
2021-03,0,Investment,0,0,0,0,0,0,0,0,0,0,0,0,0,0,1,1,0,0,1,0,0,0,0,0,0
2021-03,0,Investment,1,0,0,0,0,0,0,0,0,0,0,0,0,0,1,1,0,0,1,0,0,0,0,0,0
2021-03,0,Saving,0,0,0,0,0,0,0,0,0,0,0,0,0,0,1,1,0,0,1,0,0,0,0,0,0
2021-03,0,Saving,1,0,0,0,0,0,0,0,0,0,0,0,0,0,1,1,0,0,1,0,0,0,0,0,0
2021-03,0,Annuity,0,0,0,0,0,0,0,0,0,0,0,0,0,0,0,1,0,0,1,0,0,0,0,0,0
2021-03,0,Annuity,1,0,0,0,0,0,0,0,0,0,0,0,0,0,0,1,0,0,1,0,0,0,0,0,0
2021-03,0,Accident & Disability,0,0,0,0,0,0,0,0,0,0,0,0,0,0,0,1,0,0,1,0,0,0,1,0,0
2021-03,0,Accident & Disability,1,0,0,0,0,0,0,0,0,0,0,0,0,0,0,1,0,0,1,0,0,0,1,0,0
2021-03,0,Term Life,0,0,0,0,0,0,0,0,0,0,0,0,0,0,0,1,0,0,1,0,0,0,0,0,0
2021-03,0,Term Life,1,0,0,0,0,0,0,0,0,0,0,0,0,0,0,1,0,0,1,0,0,0,0,0,0
2021-03,0,Critical Illness,0,0,0,0,0,0,0,0,0,0,0,0,0,0,0,1,0,0,1,0,0,0,1,0,0
2021-03,0,Critical Illness,1,0,0,0,0,0,0,0,0,0,0,0,0,0,0,1,0,0,1,0,0,0,1,0,0
2021-03,1,Medical,0,0,1,0,1,0,1,0,1,0,1,0,1,0,0,1,1,0,0,0,1,0,1,0,0
2021-03,1,Medical,1,0,1,0,1,0,1,0,1,0,1,0,1,0,0,1,1,0,0,0,1,0,1,0,0
2021-03,1,Investment,0,0,1,0,1,0,1,0,1,0,0,0,1,0,1,1,1,0,0,0,1,0,0,0,1
2021-03,1,Investment,1,0,1,0,1,0,1,0,1,0,0,0,1,0,1,1,1,0,0,0,1,0,0,0,1
2021-03,1,Saving,0,0,1,0,1,0,1,0,1,0,0,0,1,0,1,1,1,0,0,0,1,0,0,0,1
2021-03,1,Saving,1,0,1,0,1,0,1,0,1,0,0,0,1,0,1,1,1,0,0,0,1,0,0,0,1
2021-03,1,Annuity,0,0,1,0,1,0,1,0,1,0,0,0,1,0,0,1,1,0,0,0,1,0,0,0,0
2021-03,1,Annuity,1,0,1,0,1,0,1,0,1,0,0,0,1,0,0,1,1,0,0,0,1,0,0,0,0
2021-03,1,Accident & Disability,0,0,1,0,1,0,1,0,1,0,0,0,1,0,0,1,1,0,0,0,1,0,1,0,0
2021-03,1,Accident & Disability,1,0,1,0,1,0,1,0,1,0,0,0,1,0,0,1,1,0,0,0,1,0,1,0,0
2021-03,1,Term Life,0,0,1,0,1,0,1,0,1,0,0,0,1,0,0,1,1,0,0,0,1,0,0,0,0
2021-03,1,Term Life,1,0,1,0,1,0,1,0,1,0,0,0,1,0,0,1,1,0,0,0,1,0,0,0,0
2021-03,1,Critical Illness,0,0,1,0,1,0,1,0,1,0,0,0,1,0,0,1,1,0,0,0,1,0,1,0,0
2021-03,1,Critical Illness,1,0,1,0,1,0,1,0,1,0,0,0,1,0,0,1,1,0,0,0,1,0,1,0,0
2021-04,0,Medical,0,0,0,0,0,0,0,0,0,0,1,0,0,0,0,1,0,0,1,0,0,0,1,0,0
2021-04,0,Medical,1,0,0,0,0,0,0,0,0,0,1,0,0,0,0,1,0,0,1,0,0,0,1,0,0
2021-04,0,Investment,0,0,0,0,0,0,0,0,0,0,0,0,0,0,1,1,0,0,1,0,0,0,0,0,0
2021-04,0,Investment,1,0,0,0,0,0,0,0,0,0,0,0,0,0,1,1,0,0,1,0,0,0,0,0,0
2021-04,0,Saving,0,0,0,0,0,0,0,0,0,0,0,0,0,0,1,1,0,0,1,0,0,0,0,0,0
2021-04,0,Saving,1,0,0,0,0,0,0,0,0,0,0,0,0,0,1,1,0,0,1,0,0,0,0,0,0
2021-04,0,Annuity,0,0,0,0,0,0,0,0,0,0,0,0,0,0,0,1,0,0,1,0,0,0,0,0,0
2021-04,0,Annuity,1,0,0,0,0,0,0,0,0,0,0,0,0,0,0,1,0,0,1,0,0,0,0,0,0
2021-04,0,Accident & Disability,0,0,0,0,0,0,0,0,0,0,0,0,0,0,0,1,0,0,1,0,0,0,1,0,0
2021-04,0,Accident & Disability,1,0,0,0,0,0,0,0,0,0,0,0,0,0,0,1,0,0,1,0,0,0,1,0,0
2021-04,0,Term Life,0,0,0,0,0,0,0,0,0,0,0,0,0,0,0,1,0,0,1,0,0,0,0,0,0
2021-04,0,Term Life,1,0,0,0,0,0,0,0,0,0,0,0,0,0,0,1,0,0,1,0,0,0,0,0,0
2021-04,0,Critical Illness,0,0,0,0,0,0,0,0,0,0,0,0,0,0,0,1,0,0,1,0,0,0,1,0,0
2021-04,0,Critical Illness,1,0,0,0,0,0,0,0,0,0,0,0,0,0,0,1,0,0,1,0,0,0,1,0,0
2021-04,1,Medical,0,0,1,0,1,0,1,0,1,0,1,0,1,0,0,1,1,0,0,0,1,0,1,0,0
2021-04,1,Medical,1,0,1,0,1,0,1,0,1,0,1,0,1,0,0,1,1,0,0,0,1,0,1,0,0
2021-04,1,Investment,0,0,1,0,1,0,1,0,1,0,0,0,1,0,1,1,1,0,0,0,1,0,0,0,1
2021-04,1,Investment,1,0,1,0,1,0,1,0,1,0,0,0,1,0,1,1,1,0,0,0,1,0,0,0,1
2021-04,1,Saving,0,0,1,0,1,0,1,0,1,0,0,0,1,0,1,1,1,0,0,0,1,0,0,0,1
2021-04,1,Saving,1,0,1,0,1,0,1,0,1,0,0,0,1,0,1,1,1,0,0,0,1,0,0,0,1
2021-04,1,Annuity,0,0,1,0,1,0,1,0,1,0,0,0,1,0,0,1,1,0,0,0,1,0,0,0,0
2021-04,1,Annuity,1,0,1,0,1,0,1,0,1,0,0,0,1,0,0,1,1,0,0,0,1,0,0,0,0
2021-04,1,Accident & Disability,0,0,1,0,1,0,1,0,1,0,0,0,1,0,0,1,1,0,0,0,1,0,1,0,0
2021-04,1,Accident & Disability,1,0,1,0,1,0,1,0,1,0,0,0,1,0,0,1,1,0,0,0,1,0,1,0,0
2021-04,1,Term Life,0,0,1,0,1,0,1,0,1,0,0,0,1,0,0,1,1,0,0,0,1,0,0,0,0
2021-04,1,Term Life,1,0,1,0,1,0,1,0,1,0,0,0,1,0,0,1,1,0,0,0,1,0,0,0,0
2021-04,1,Critical Illness,0,0,1,0,1,0,1,0,1,0,0,0,1,0,0,1,1,0,0,0,1,0,1,0,0
2021-04,1,Critical Illness,1,0,1,0,1,0,1,0,1,0,0,0,1,0,0,1,1,0,0,0,1,0,1,0,0
2021-05,0,Medical,0,0,0,0,0,0,0,0,0,0,1,0,0,0,0,1,0,0,1,0,0,0,1,0,0
2021-05,0,Medical,1,0,0,0,0,0,0,0,0,0,1,0,0,0,0,1,0,0,1,0,0,0,1,0,0
2021-05,0,Investment,0,0,0,0,0,0,0,0,0,0,0,0,0,0,1,1,0,0,1,0,0,0,0,0,0
2021-05,0,Investment,1,0,0,0,0,0,0,0,0,0,0,0,0,0,1,1,0,0,1,0,0,0,0,0,0
2021-05,0,Saving,0,0,0,0,0,0,0,0,0,0,0,0,0,0,1,1,0,0,1,0,0,0,0,0,0
2021-05,0,Saving,1,0,0,0,0,0,0,0,0,0,0,0,0,0,1,1,0,0,1,0,0,0,0,0,0
2021-05,0,Annuity,0,0,0,0,0,0,0,0,0,0,0,0,0,0,0,1,0,0,1,0,0,0,0,0,0
2021-05,0,Annuity,1,0,0,0,0,0,0,0,0,0,0,0,0,0,0,1,0,0,1,0,0,0,0,0,0
2021-05,0,Accident & Disability,0,0,0,0,0,0,0,0,0,0,0,0,0,0,0,1,0,0,1,0,0,0,1,0,0
2021-05,0,Accident & Disability,1,0,0,0,0,0,0,0,0,0,0,0,0,0,0,1,0,0,1,0,0,0,1,0,0
2021-05,0,Term Life,0,0,0,0,0,0,0,0,0,0,0,0,0,0,0,1,0,0,1,0,0,0,0,0,0
2021-05,0,Term Life,1,0,0,0,0,0,0,0,0,0,0,0,0,0,0,1,0,0,1,0,0,0,0,0,0
2021-05,0,Critical Illness,0,0,0,0,0,0,0,0,0,0,0,0,0,0,0,1,0,0,1,0,0,0,1,0,0
2021-05,0,Critical Illness,1,0,0,0,0,0,0,0,0,0,0,0,0,0,0,1,0,0,1,0,0,0,1,0,0
2021-05,1,Medical,0,0,1,0,1,0,1,0,1,0,1,0,1,0,0,1,1,0,0,0,1,0,1,0,0
2021-05,1,Medical,1,0,1,0,1,0,1,0,1,0,1,0,1,0,0,1,1,0,0,0,1,0,1,0,0
2021-05,1,Investment,0,0,1,0,1,0,1,0,1,0,0,0,1,0,1,1,1,0,0,0,1,0,0,0,1
2021-05,1,Investment,1,0,1,0,1,0,1,0,1,0,0,0,1,0,1,1,1,0,0,0,1,0,0,0,1
2021-05,1,Saving,0,0,1,0,1,0,1,0,1,0,0,0,1,0,1,1,1,0,0,0,1,0,0,0,1
2021-05,1,Saving,1,0,1,0,1,0,1,0,1,0,0,0,1,0,1,1,1,0,0,0,1,0,0,0,1
2021-05,1,Annuity,0,0,1,0,1,0,1,0,1,0,0,0,1,0,0,1,1,0,0,0,1,0,0,0,0
2021-05,1,Annuity,1,0,1,0,1,0,1,0,1,0,0,0,1,0,0,1,1,0,0,0,1,0,0,0,0
2021-05,1,Accident & Disability,0,0,1,0,1,0,1,0,1,0,0,0,1,0,0,1,1,0,0,0,1,0,1,0,0
2021-05,1,Accident & Disability,1,0,1,0,1,0,1,0,1,0,0,0,1,0,0,1,1,0,0,0,1,0,1,0,0
2021-05,1,Term Life,0,0,1,0,1,0,1,0,1,0,0,0,1,0,0,1,1,0,0,0,1,0,0,0,0
2021-05,1,Term Life,1,0,1,0,1,0,1,0,1,0,0,0,1,0,0,1,1,0,0,0,1,0,0,0,0
2021-05,1,Critical Illness,0,0,1,0,1,0,1,0,1,0,0,0,1,0,0,1,1,0,0,0,1,0,1,0,0
2021-05,1,Critical Illness,1,0,1,0,1,0,1,0,1,0,0,0,1,0,0,1,1,0,0,0,1,0,1,0,0
2021-06,0,Medical,0,0,0,0,0,0,0,0,0,0,1,0,0,0,0,1,0,0,1,0,0,0,1,0,0
2021-06,0,Medical,1,0,0,0,0,0,0,0,0,0,1,0,0,0,0,1,0,0,1,0,0,0,1,0,0
2021-06,0,Investment,0,0,0,0,0,0,0,0,0,0,0,0,0,0,1,1,0,0,1,0,0,0,0,0,0
2021-06,0,Investment,1,0,0,0,0,0,0,0,0,0,0,0,0,0,1,1,0,0,1,0,0,0,0,0,0
2021-06,0,Saving,0,0,0,0,0,0,0,0,0,0,0,0,0,0,1,1,0,0,1,0,0,0,0,0,0
2021-06,0,Saving,1,0,0,0,0,0,0,0,0,0,0,0,0,0,1,1,0,0,1,0,0,0,0,0,0
2021-06,0,Annuity,0,0,0,0,0,0,0,0,0,0,0,0,0,0,0,1,0,0,1,0,0,0,0,0,0
2021-06,0,Annuity,1,0,0,0,0,0,0,0,0,0,0,0,0,0,0,1,0,0,1,0,0,0,0,0,0
2021-06,0,Accident & Disability,0,0,0,0,0,0,0,0,0,0,0,0,0,0,0,1,0,0,1,0,0,0,1,0,0
2021-06,0,Accident & Disability,1,0,0,0,0,0,0,0,0,0,0,0,0,0,0,1,0,0,1,0,0,0,1,0,0
2021-06,0,Term Life,0,0,0,0,0,0,0,0,0,0,0,0,0,0,0,1,0,0,1,0,0,0,0,0,0
2021-06,0,Term Life,1,0,0,0,0,0,0,0,0,0,0,0,0,0,0,1,0,0,1,0,0,0,0,0,0
2021-06,0,Critical Illness,0,0,0,0,0,0,0,0,0,0,0,0,0,0,0,1,0,0,1,0,0,0,1,0,0
2021-06,0,Critical Illness,1,0,0,0,0,0,0,0,0,0,0,0,0,0,0,1,0,0,1,0,0,0,1,0,0
2021-06,1,Medical,0,0,1,0,1,0,1,0,1,0,1,0,1,0,0,1,1,0,0,0,1,0,1,0,0
2021-06,1,Medical,1,0,1,0,1,0,1,0,1,0,1,0,1,0,0,1,1,0,0,0,1,0,1,0,0
2021-06,1,Investment,0,0,1,0,1,0,1,0,1,0,0,0,1,0,1,1,1,0,0,0,1,0,0,0,1
2021-06,1,Investment,1,0,1,0,1,0,1,0,1,0,0,0,1,0,1,1,1,0,0,0,1,0,0,0,1
2021-06,1,Saving,0,0,1,0,1,0,1,0,1,0,0,0,1,0,1,1,1,0,0,0,1,0,0,0,1
2021-06,1,Saving,1,0,1,0,1,0,1,0,1,0,0,0,1,0,1,1,1,0,0,0,1,0,0,0,1
2021-06,1,Annuity,0,0,1,0,1,0,1,0,1,0,0,0,1,0,0,1,1,0,0,0,1,0,0,0,0
2021-06,1,Annuity,1,0,1,0,1,0,1,0,1,0,0,0,1,0,0,1,1,0,0,0,1,0,0,0,0
2021-06,1,Accident & Disability,0,0,1,0,1,0,1,0,1,0,0,0,1,0,0,1,1,0,0,0,1,0,1,0,0
2021-06,1,Accident & Disability,1,0,1,0,1,0,1,0,1,0,0,0,1,0,0,1,1,0,0,0,1,0,1,0,0
2021-06,1,Term Life,0,0,1,0,1,0,1,0,1,0,0,0,1,0,0,1,1,0,0,0,1,0,0,0,0
2021-06,1,Term Life,1,0,1,0,1,0,1,0,1,0,0,0,1,0,0,1,1,0,0,0,1,0,0,0,0
2021-06,1,Critical Illness,0,0,1,0,1,0,1,0,1,0,0,0,1,0,0,1,1,0,0,0,1,0,1,0,0
2021-06,1,Critical Illness,1,0,1,0,1,0,1,0,1,0,0,0,1,0,0,1,1,0,0,0,1,0,1,0,0
2021-07,0,Medical,0,0,0,0,0,0,0,0,0,0,1,0,0,0,0,1,0,0,1,0,0,0,1,0,0
2021-07,0,Medical,1,0,0,0,0,0,0,0,0,0,1,0,0,0,0,1,0,0,1,0,0,0,1,0,0
2021-07,0,Investment,0,0,0,0,0,0,0,0,0,0,0,0,0,0,1,1,0,0,1,0,0,0,0,0,0
2021-07,0,Investment,1,0,0,0,0,0,0,0,0,0,0,0,0,0,1,1,0,0,1,0,0,0,0,0,0
2021-07,0,Saving,0,0,0,0,0,0,0,0,0,0,0,0,0,0,1,1,0,0,1,0,0,0,0,0,0
2021-07,0,Saving,1,0,0,0,0,0,0,0,0,0,0,0,0,0,1,1,0,0,1,0,0,0,0,0,0
2021-07,0,Annuity,0,0,0,0,0,0,0,0,0,0,0,0,0,0,0,1,0,0,1,0,0,0,0,0,0
2021-07,0,Annuity,1,0,0,0,0,0,0,0,0,0,0,0,0,0,0,1,0,0,1,0,0,0,0,0,0
2021-07,0,Accident & Disability,0,0,0,0,0,0,0,0,0,0,0,0,0,0,0,1,0,0,1,0,0,0,1,0,0
2021-07,0,Accident & Disability,1,0,0,0,0,0,0,0,0,0,0,0,0,0,0,1,0,0,1,0,0,0,1,0,0
2021-07,0,Term Life,0,0,0,0,0,0,0,0,0,0,0,0,0,0,0,1,0,0,1,0,0,0,0,0,0
2021-07,0,Term Life,1,0,0,0,0,0,0,0,0,0,0,0,0,0,0,1,0,0,1,0,0,0,0,0,0
2021-07,0,Critical Illness,0,0,0,0,0,0,0,0,0,0,0,0,0,0,0,1,0,0,1,0,0,0,1,0,0
2021-07,0,Critical Illness,1,0,0,0,0,0,0,0,0,0,0,0,0,0,0,1,0,0,1,0,0,0,1,0,0
2021-07,1,Medical,0,0,1,0,1,0,1,0,1,0,1,0,1,0,0,1,1,0,0,0,1,0,1,0,0
2021-07,1,Medical,1,0,1,0,1,0,1,0,1,0,1,0,1,0,0,1,1,0,0,0,1,0,1,0,0
2021-07,1,Investment,0,0,1,0,1,0,1,0,1,0,0,0,1,0,1,1,1,0,0,0,1,0,0,0,1
2021-07,1,Investment,1,0,1,0,1,0,1,0,1,0,0,0,1,0,1,1,1,0,0,0,1,0,0,0,1
2021-07,1,Saving,0,0,1,0,1,0,1,0,1,0,0,0,1,0,1,1,1,0,0,0,1,0,0,0,1
2021-07,1,Saving,1,0,1,0,1,0,1,0,1,0,0,0,1,0,1,1,1,0,0,0,1,0,0,0,1
2021-07,1,Annuity,0,0,1,0,1,0,1,0,1,0,0,0,1,0,0,1,1,0,0,0,1,0,0,0,0
2021-07,1,Annuity,1,0,1,0,1,0,1,0,1,0,0,0,1,0,0,1,1,0,0,0,1,0,0,0,0
2021-07,1,Accident & Disability,0,0,1,0,1,0,1,0,1,0,0,0,1,0,0,1,1,0,0,0,1,0,1,0,0
2021-07,1,Accident & Disability,1,0,1,0,1,0,1,0,1,0,0,0,1,0,0,1,1,0,0,0,1,0,1,0,0
2021-07,1,Term Life,0,0,1,0,1,0,1,0,1,0,0,0,1,0,0,1,1,0,0,0,1,0,0,0,0
2021-07,1,Term Life,1,0,1,0,1,0,1,0,1,0,0,0,1,0,0,1,1,0,0,0,1,0,0,0,0
2021-07,1,Critical Illness,0,0,1,0,1,0,1,0,1,0,0,0,1,0,0,1,1,0,0,0,1,0,1,0,0
2021-07,1,Critical Illness,1,0,1,0,1,0,1,0,1,0,0,0,1,0,0,1,1,0,0,0,1,0,1,0,0
2021-08,0,Medical,0,0,0,0,0,0,0,0,0,0,1,0,0,0,0,1,0,0,1,0,0,0,1,0,0
2021-08,0,Medical,1,0,0,0,0,0,0,0,0,0,1,0,0,0,0,1,0,0,1,0,0,0,1,0,0
2021-08,0,Investment,0,0,0,0,0,0,0,0,0,0,0,0,0,0,1,1,0,0,1,0,0,0,0,0,0
2021-08,0,Investment,1,0,0,0,0,0,0,0,0,0,0,0,0,0,1,1,0,0,1,0,0,0,0,0,0
2021-08,0,Saving,0,0,0,0,0,0,0,0,0,0,0,0,0,0,1,1,0,0,1,0,0,0,0,0,0
2021-08,0,Saving,1,0,0,0,0,0,0,0,0,0,0,0,0,0,1,1,0,0,1,0,0,0,0,0,0
2021-08,0,Annuity,0,0,0,0,0,0,0,0,0,0,0,0,0,0,0,1,0,0,1,0,0,0,0,0,0
2021-08,0,Annuity,1,0,0,0,0,0,0,0,0,0,0,0,0,0,0,1,0,0,1,0,0,0,0,0,0
2021-08,0,Accident & Disability,0,0,0,0,0,0,0,0,0,0,0,0,0,0,0,1,0,0,1,0,0,0,1,0,0
2021-08,0,Accident & Disability,1,0,0,0,0,0,0,0,0,0,0,0,0,0,0,1,0,0,1,0,0,0,1,0,0
2021-08,0,Term Life,0,0,0,0,0,0,0,0,0,0,0,0,0,0,0,1,0,0,1,0,0,0,0,0,0
2021-08,0,Term Life,1,0,0,0,0,0,0,0,0,0,0,0,0,0,0,1,0,0,1,0,0,0,0,0,0
2021-08,0,Critical Illness,0,0,0,0,0,0,0,0,0,0,0,0,0,0,0,1,0,0,1,0,0,0,1,0,0
2021-08,0,Critical Illness,1,0,0,0,0,0,0,0,0,0,0,0,0,0,0,1,0,0,1,0,0,0,1,0,0
2021-08,1,Medical,0,0,1,0,1,0,1,0,1,0,1,0,1,0,0,1,1,0,0,0,1,0,1,0,0
2021-08,1,Medical,1,0,1,0,1,0,1,0,1,0,1,0,1,0,0,1,1,0,0,0,1,0,1,0,0
2021-08,1,Investment,0,0,1,0,1,0,1,0,1,0,0,0,1,0,1,1,1,0,0,0,1,0,0,0,1
2021-08,1,Investment,1,0,1,0,1,0,1,0,1,0,0,0,1,0,1,1,1,0,0,0,1,0,0,0,1
2021-08,1,Saving,0,0,1,0,1,0,1,0,1,0,0,0,1,0,1,1,1,0,0,0,1,0,0,0,1
2021-08,1,Saving,1,0,1,0,1,0,1,0,1,0,0,0,1,0,1,1,1,0,0,0,1,0,0,0,1
2021-08,1,Annuity,0,0,1,0,1,0,1,0,1,0,0,0,1,0,0,1,1,0,0,0,1,0,0,0,0
2021-08,1,Annuity,1,0,1,0,1,0,1,0,1,0,0,0,1,0,0,1,1,0,0,0,1,0,0,0,0
2021-08,1,Accident & Disability,0,0,1,0,1,0,1,0,1,0,0,0,1,0,0,1,1,0,0,0,1,0,1,0,0
2021-08,1,Accident & Disability,1,0,1,0,1,0,1,0,1,0,0,0,1,0,0,1,1,0,0,0,1,0,1,0,0
2021-08,1,Term Life,0,0,1,0,1,0,1,0,1,0,0,0,1,0,0,1,1,0,0,0,1,0,0,0,0
2021-08,1,Term Life,1,0,1,0,1,0,1,0,1,0,0,0,1,0,0,1,1,0,0,0,1,0,0,0,0
2021-08,1,Critical Illness,0,0,1,0,1,0,1,0,1,0,0,0,1,0,0,1,1,0,0,0,1,0,1,0,0
2021-08,1,Critical Illness,1,0,1,0,1,0,1,0,1,0,0,0,1,0,0,1,1,0,0,0,1,0,1,0,0
2021-09,0,Medical,0,0,0,0,0,0,0,0,0,0,1,0,0,0,0,1,0,0,1,0,0,0,1,1,0
2021-09,0,Medical,1,0,0,0,0,0,0,0,0,0,1,0,0,0,0,1,0,0,1,0,0,0,1,1,0
2021-09,0,Investment,0,0,0,0,0,0,0,0,0,0,0,0,0,0,1,1,0,0,1,0,0,0,0,1,0
2021-09,0,Investment,1,0,0,0,0,0,0,0,0,0,0,0,0,0,1,1,0,0,1,0,0,0,0,1,0
2021-09,0,Saving,0,0,0,0,0,0,0,0,0,0,0,0,0,0,1,1,0,0,1,0,0,0,0,1,0
2021-09,0,Saving,1,0,0,0,0,0,0,0,0,0,0,0,0,0,1,1,0,0,1,0,0,0,0,1,0
2021-09,0,Annuity,0,0,0,0,0,0,0,0,0,0,0,0,0,0,0,1,0,0,1,0,0,0,0,1,0
2021-09,0,Annuity,1,0,0,0,0,0,0,0,0,0,0,0,0,0,0,1,0,0,1,0,0,0,0,1,0
2021-09,0,Accident & Disability,0,0,0,0,0,0,0,0,0,0,0,0,0,0,0,1,0,0,1,0,0,0,1,1,0
2021-09,0,Accident & Disability,1,0,0,0,0,0,0,0,0,0,0,0,0,0,0,1,0,0,1,0,0,0,1,1,0
2021-09,0,Term Life,0,0,0,0,0,0,0,0,0,0,0,0,0,0,0,1,0,0,1,0,0,0,0,1,0
2021-09,0,Term Life,1,0,0,0,0,0,0,0,0,0,0,0,0,0,0,1,0,0,1,0,0,0,0,1,0
2021-09,0,Critical Illness,0,0,0,0,0,0,0,0,0,0,0,0,0,0,0,1,0,0,1,0,0,0,1,1,0
2021-09,0,Critical Illness,1,0,0,0,0,0,0,0,0,0,0,0,0,0,0,1,0,0,1,0,0,0,1,1,0
2021-09,1,Medical,0,0,1,0,1,0,1,0,1,0,1,0,1,0,0,1,1,0,0,0,1,0,1,1,0
2021-09,1,Medical,1,0,1,0,1,0,1,0,1,0,1,0,1,0,0,1,1,0,0,0,1,0,1,1,0
2021-09,1,Investment,0,0,1,0,1,0,1,0,1,0,0,0,1,0,1,1,1,0,0,0,1,0,0,1,1
2021-09,1,Investment,1,0,1,0,1,0,1,0,1,0,0,0,1,0,1,1,1,0,0,0,1,0,0,1,1
2021-09,1,Saving,0,0,1,0,1,0,1,0,1,0,0,0,1,0,1,1,1,0,0,0,1,0,0,1,1
2021-09,1,Saving,1,0,1,0,1,0,1,0,1,0,0,0,1,0,1,1,1,0,0,0,1,0,0,1,1
2021-09,1,Annuity,0,0,1,0,1,0,1,0,1,0,0,0,1,0,0,1,1,0,0,0,1,0,0,1,0
2021-09,1,Annuity,1,0,1,0,1,0,1,0,1,0,0,0,1,0,0,1,1,0,0,0,1,0,0,1,0
2021-09,1,Accident & Disability,0,0,1,0,1,0,1,0,1,0,0,0,1,0,0,1,1,0,0,0,1,0,1,1,0
2021-09,1,Accident & Disability,1,0,1,0,1,0,1,0,1,0,0,0,1,0,0,1,1,0,0,0,1,0,1,1,0
2021-09,1,Term Life,0,0,1,0,1,0,1,0,1,0,0,0,1,0,0,1,1,0,0,0,1,0,0,1,0
2021-09,1,Term Life,1,0,1,0,1,0,1,0,1,0,0,0,1,0,0,1,1,0,0,0,1,0,0,1,0
2021-09,1,Critical Illness,0,0,1,0,1,0,1,0,1,0,0,0,1,0,0,1,1,0,0,0,1,0,1,1,0
2021-09,1,Critical Illness,1,0,1,0,1,0,1,0,1,0,0,0,1,0,0,1,1,0,0,0,1,0,1,1,0
2021-10,0,Medical,0,0,0,0,0,0,0,0,0,0,1,0,0,0,0,1,0,0,1,0,0,0,1,1,0
2021-10,0,Medical,1,0,0,0,0,0,0,0,0,0,1,0,0,0,0,1,0,0,1,0,0,0,1,1,0
2021-10,0,Investment,0,0,0,0,0,0,0,0,0,0,0,0,0,0,1,1,0,0,1,0,0,0,0,1,0
2021-10,0,Investment,1,0,0,0,0,0,0,0,0,0,0,0,0,0,1,1,0,0,1,0,0,0,0,1,0
2021-10,0,Saving,0,0,0,0,0,0,0,0,0,0,0,0,0,0,1,1,0,0,1,0,0,0,0,1,0
2021-10,0,Saving,1,0,0,0,0,0,0,0,0,0,0,0,0,0,1,1,0,0,1,0,0,0,0,1,0
2021-10,0,Annuity,0,0,0,0,0,0,0,0,0,0,0,0,0,0,0,1,0,0,1,0,0,0,0,1,0
2021-10,0,Annuity,1,0,0,0,0,0,0,0,0,0,0,0,0,0,0,1,0,0,1,0,0,0,0,1,0
2021-10,0,Accident & Disability,0,0,0,0,0,0,0,0,0,0,0,0,0,0,0,1,0,0,1,0,0,0,1,1,0
2021-10,0,Accident & Disability,1,0,0,0,0,0,0,0,0,0,0,0,0,0,0,1,0,0,1,0,0,0,1,1,0
2021-10,0,Term Life,0,0,0,0,0,0,0,0,0,0,0,0,0,0,0,1,0,0,1,0,0,0,0,1,0
2021-10,0,Term Life,1,0,0,0,0,0,0,0,0,0,0,0,0,0,0,1,0,0,1,0,0,0,0,1,0
2021-10,0,Critical Illness,0,0,0,0,0,0,0,0,0,0,0,0,0,0,0,1,0,0,1,0,0,0,1,1,0
2021-10,0,Critical Illness,1,0,0,0,0,0,0,0,0,0,0,0,0,0,0,1,0,0,1,0,0,0,1,1,0
2021-10,1,Medical,0,0,1,0,1,0,1,0,1,0,1,0,1,0,0,1,1,0,0,0,1,0,1,1,0
2021-10,1,Medical,1,0,1,0,1,0,1,0,1,0,1,0,1,0,0,1,1,0,0,0,1,0,1,1,0
2021-10,1,Investment,0,0,1,0,1,0,1,0,1,0,0,0,1,0,1,1,1,0,0,0,1,0,0,1,1
2021-10,1,Investment,1,0,1,0,1,0,1,0,1,0,0,0,1,0,1,1,1,0,0,0,1,0,0,1,1
2021-10,1,Saving,0,0,1,0,1,0,1,0,1,0,0,0,1,0,1,1,1,0,0,0,1,0,0,1,1
2021-10,1,Saving,1,0,1,0,1,0,1,0,1,0,0,0,1,0,1,1,1,0,0,0,1,0,0,1,1
2021-10,1,Annuity,0,0,1,0,1,0,1,0,1,0,0,0,1,0,0,1,1,0,0,0,1,0,0,1,0
2021-10,1,Annuity,1,0,1,0,1,0,1,0,1,0,0,0,1,0,0,1,1,0,0,0,1,0,0,1,0
2021-10,1,Accident & Disability,0,0,1,0,1,0,1,0,1,0,0,0,1,0,0,1,1,0,0,0,1,0,1,1,0
2021-10,1,Accident & Disability,1,0,1,0,1,0,1,0,1,0,0,0,1,0,0,1,1,0,0,0,1,0,1,1,0
2021-10,1,Term Life,0,0,1,0,1,0,1,0,1,0,0,0,1,0,0,1,1,0,0,0,1,0,0,1,0
2021-10,1,Term Life,1,0,1,0,1,0,1,0,1,0,0,0,1,0,0,1,1,0,0,0,1,0,0,1,0
2021-10,1,Critical Illness,0,0,1,0,1,0,1,0,1,0,0,0,1,0,0,1,1,0,0,0,1,0,1,1,0
2021-10,1,Critical Illness,1,0,1,0,1,0,1,0,1,0,0,0,1,0,0,1,1,0,0,0,1,0,1,1,0
2021-11,0,Medical,0,0,0,0,0,0,0,0,0,0,1,0,0,0,0,1,0,0,1,0,0,0,1,1,0
2021-11,0,Medical,1,0,0,0,0,0,0,0,0,0,1,0,0,0,0,1,0,0,1,0,0,0,1,1,0
2021-11,0,Investment,0,0,0,0,0,0,0,0,0,0,0,0,0,0,1,1,0,0,1,0,0,0,0,1,0
2021-11,0,Investment,1,0,0,0,0,0,0,0,0,0,0,0,0,0,1,1,0,0,1,0,0,0,0,1,0
2021-11,0,Saving,0,0,0,0,0,0,0,0,0,0,0,0,0,0,1,1,0,0,1,0,0,0,0,1,0
2021-11,0,Saving,1,0,0,0,0,0,0,0,0,0,0,0,0,0,1,1,0,0,1,0,0,0,0,1,0
2021-11,0,Annuity,0,0,0,0,0,0,0,0,0,0,0,0,0,0,0,1,0,0,1,0,0,0,0,1,0
2021-11,0,Annuity,1,0,0,0,0,0,0,0,0,0,0,0,0,0,0,1,0,0,1,0,0,0,0,1,0
2021-11,0,Accident & Disability,0,0,0,0,0,0,0,0,0,0,0,0,0,0,0,1,0,0,1,0,0,0,1,1,0
2021-11,0,Accident & Disability,1,0,0,0,0,0,0,0,0,0,0,0,0,0,0,1,0,0,1,0,0,0,1,1,0
2021-11,0,Term Life,0,0,0,0,0,0,0,0,0,0,0,0,0,0,0,1,0,0,1,0,0,0,0,1,0
2021-11,0,Term Life,1,0,0,0,0,0,0,0,0,0,0,0,0,0,0,1,0,0,1,0,0,0,0,1,0
2021-11,0,Critical Illness,0,0,0,0,0,0,0,0,0,0,0,0,0,0,0,1,0,0,1,0,0,0,1,1,0
2021-11,0,Critical Illness,1,0,0,0,0,0,0,0,0,0,0,0,0,0,0,1,0,0,1,0,0,0,1,1,0
2021-11,1,Medical,0,0,1,0,1,0,1,0,1,0,1,0,1,0,0,1,1,0,0,0,1,0,1,1,0
2021-11,1,Medical,1,0,1,0,1,0,1,0,1,0,1,0,1,0,0,1,1,0,0,0,1,0,1,1,0
2021-11,1,Investment,0,0,1,0,1,0,1,0,1,0,0,0,1,0,1,1,1,0,0,0,1,0,0,1,1
2021-11,1,Investment,1,0,1,0,1,0,1,0,1,0,0,0,1,0,1,1,1,0,0,0,1,0,0,1,1
2021-11,1,Saving,0,0,1,0,1,0,1,0,1,0,0,0,1,0,1,1,1,0,0,0,1,0,0,1,1
2021-11,1,Saving,1,0,1,0,1,0,1,0,1,0,0,0,1,0,1,1,1,0,0,0,1,0,0,1,1
2021-11,1,Annuity,0,0,1,0,1,0,1,0,1,0,0,0,1,0,0,1,1,0,0,0,1,0,0,1,0
2021-11,1,Annuity,1,0,1,0,1,0,1,0,1,0,0,0,1,0,0,1,1,0,0,0,1,0,0,1,0
2021-11,1,Accident & Disability,0,0,1,0,1,0,1,0,1,0,0,0,1,0,0,1,1,0,0,0,1,0,1,1,0
2021-11,1,Accident & Disability,1,0,1,0,1,0,1,0,1,0,0,0,1,0,0,1,1,0,0,0,1,0,1,1,0
2021-11,1,Term Life,0,0,1,0,1,0,1,0,1,0,0,0,1,0,0,1,1,0,0,0,1,0,0,1,0
2021-11,1,Term Life,1,0,1,0,1,0,1,0,1,0,0,0,1,0,0,1,1,0,0,0,1,0,0,1,0
2021-11,1,Critical Illness,0,0,1,0,1,0,1,0,1,0,0,0,1,0,0,1,1,0,0,0,1,0,1,1,0
2021-11,1,Critical Illness,1,0,1,0,1,0,1,0,1,0,0,0,1,0,0,1,1,0,0,0,1,0,1,1,0
2021-12,0,Medical,0,0,0,0,0,0,0,0,0,0,1,0,0,0,0,1,0,0,1,0,0,0,1,1,0
2021-12,0,Medical,1,0,0,0,0,0,0,0,0,0,1,0,0,0,0,1,0,0,1,0,0,0,1,1,0
2021-12,0,Investment,0,0,0,0,0,0,0,0,0,0,0,0,0,0,1,1,0,0,1,0,0,0,0,1,0
2021-12,0,Investment,1,0,0,0,0,0,0,0,0,0,0,0,0,0,1,1,0,0,1,0,0,0,0,1,0
2021-12,0,Saving,0,0,0,0,0,0,0,0,0,0,0,0,0,0,1,1,0,0,1,0,0,0,0,1,0
2021-12,0,Saving,1,0,0,0,0,0,0,0,0,0,0,0,0,0,1,1,0,0,1,0,0,0,0,1,0
2021-12,0,Annuity,0,0,0,0,0,0,0,0,0,0,0,0,0,0,0,1,0,0,1,0,0,0,0,1,0
2021-12,0,Annuity,1,0,0,0,0,0,0,0,0,0,0,0,0,0,0,1,0,0,1,0,0,0,0,1,0
2021-12,0,Accident & Disability,0,0,0,0,0,0,0,0,0,0,0,0,0,0,0,1,0,0,1,0,0,0,1,1,0
2021-12,0,Accident & Disability,1,0,0,0,0,0,0,0,0,0,0,0,0,0,0,1,0,0,1,0,0,0,1,1,0
2021-12,0,Term Life,0,0,0,0,0,0,0,0,0,0,0,0,0,0,0,1,0,0,1,0,0,0,0,1,0
2021-12,0,Term Life,1,0,0,0,0,0,0,0,0,0,0,0,0,0,0,1,0,0,1,0,0,0,0,1,0
2021-12,0,Critical Illness,0,0,0,0,0,0,0,0,0,0,0,0,0,0,0,1,0,0,1,0,0,0,1,1,0
2021-12,0,Critical Illness,1,0,0,0,0,0,0,0,0,0,0,0,0,0,0,1,0,0,1,0,0,0,1,1,0
2021-12,1,Medical,0,0,1,0,1,0,1,0,1,0,1,0,1,0,0,1,1,0,0,0,1,0,1,1,0
2021-12,1,Medical,1,0,1,0,1,0,1,0,1,0,1,0,1,0,0,1,1,0,0,0,1,0,1,1,0
2021-12,1,Investment,0,0,1,0,1,0,1,0,1,0,0,0,1,0,1,1,1,0,0,0,1,0,0,1,1
2021-12,1,Investment,1,0,1,0,1,0,1,0,1,0,0,0,1,0,1,1,1,0,0,0,1,0,0,1,1
2021-12,1,Saving,0,0,1,0,1,0,1,0,1,0,0,0,1,0,1,1,1,0,0,0,1,0,0,1,1
2021-12,1,Saving,1,0,1,0,1,0,1,0,1,0,0,0,1,0,1,1,1,0,0,0,1,0,0,1,1
2021-12,1,Annuity,0,0,1,0,1,0,1,0,1,0,0,0,1,0,0,1,1,0,0,0,1,0,0,1,0
2021-12,1,Annuity,1,0,1,0,1,0,1,0,1,0,0,0,1,0,0,1,1,0,0,0,1,0,0,1,0
2021-12,1,Accident & Disability,0,0,1,0,1,0,1,0,1,0,0,0,1,0,0,1,1,0,0,0,1,0,1,1,0
2021-12,1,Accident & Disability,1,0,1,0,1,0,1,0,1,0,0,0,1,0,0,1,1,0,0,0,1,0,1,1,0
2021-12,1,Term Life,0,0,1,0,1,0,1,0,1,0,0,0,1,0,0,1,1,0,0,0,1,0,0,1,0
2021-12,1,Term Life,1,0,1,0,1,0,1,0,1,0,0,0,1,0,0,1,1,0,0,0,1,0,0,1,0
2021-12,1,Critical Illness,0,0,1,0,1,0,1,0,1,0,0,0,1,0,0,1,1,0,0,0,1,0,1,1,0
2021-12,1,Critical Illness,1,0,1,0,1,0,1,0,1,0,0,0,1,0,0,1,1,0,0,0,1,0,1,1,0
2022-01,0,Medical,0,0,0,0,0,0,0,0,0,0,1,0,0,0,0,1,0,0,1,0,0,1,1,1,0
2022-01,0,Medical,1,0,0,0,0,0,0,0,0,0,1,0,0,0,0,1,0,0,1,0,0,1,1,1,0
2022-01,0,Investment,0,0,0,0,0,0,0,0,0,0,0,0,0,0,1,1,0,0,1,0,0,1,0,1,0
2022-01,0,Investment,1,0,0,0,0,0,0,0,0,0,0,0,0,0,1,1,0,0,1,0,0,1,0,1,0
2022-01,0,Saving,0,0,0,0,0,0,0,0,0,0,0,0,0,0,1,1,0,0,1,0,0,1,0,1,0
2022-01,0,Saving,1,0,0,0,0,0,0,0,0,0,0,0,0,0,1,1,0,0,1,0,0,1,0,1,0
2022-01,0,Annuity,0,0,0,0,0,0,0,0,0,0,0,0,0,0,0,1,0,0,1,0,0,1,0,1,0
2022-01,0,Annuity,1,0,0,0,0,0,0,0,0,0,0,0,0,0,0,1,0,0,1,0,0,1,0,1,0
2022-01,0,Accident & Disability,0,0,0,0,0,0,0,0,0,0,0,0,0,0,0,1,0,0,1,0,0,1,1,1,0
2022-01,0,Accident & Disability,1,0,0,0,0,0,0,0,0,0,0,0,0,0,0,1,0,0,1,0,0,1,1,1,0
2022-01,0,Term Life,0,0,0,0,0,0,0,0,0,0,0,0,0,0,0,1,0,0,1,0,0,1,0,1,0
2022-01,0,Term Life,1,0,0,0,0,0,0,0,0,0,0,0,0,0,0,1,0,0,1,0,0,1,0,1,0
2022-01,0,Critical Illness,0,0,0,0,0,0,0,0,0,0,0,0,0,0,0,1,0,0,1,0,0,1,1,1,0
2022-01,0,Critical Illness,1,0,0,0,0,0,0,0,0,0,0,0,0,0,0,1,0,0,1,0,0,1,1,1,0
2022-01,1,Medical,0,0,1,0,1,0,1,0,1,0,1,0,1,0,0,1,1,0,0,0,1,1,1,1,0
2022-01,1,Medical,1,0,1,0,1,0,1,0,1,0,1,0,1,0,0,1,1,0,0,0,1,1,1,1,0
2022-01,1,Investment,0,0,1,0,1,0,1,0,1,0,0,0,1,0,1,1,1,0,0,0,1,1,0,1,1
2022-01,1,Investment,1,0,1,0,1,0,1,0,1,0,0,0,1,0,1,1,1,0,0,0,1,1,0,1,1
2022-01,1,Saving,0,0,1,0,1,0,1,0,1,0,0,0,1,0,1,1,1,0,0,0,1,1,0,1,1
2022-01,1,Saving,1,0,1,0,1,0,1,0,1,0,0,0,1,0,1,1,1,0,0,0,1,1,0,1,1
2022-01,1,Annuity,0,0,1,0,1,0,1,0,1,0,0,0,1,0,0,1,1,0,0,0,1,1,0,1,0
2022-01,1,Annuity,1,0,1,0,1,0,1,0,1,0,0,0,1,0,0,1,1,0,0,0,1,1,0,1,0
2022-01,1,Accident & Disability,0,0,1,0,1,0,1,0,1,0,0,0,1,0,0,1,1,0,0,0,1,1,1,1,0
2022-01,1,Accident & Disability,1,0,1,0,1,0,1,0,1,0,0,0,1,0,0,1,1,0,0,0,1,1,1,1,0
2022-01,1,Term Life,0,0,1,0,1,0,1,0,1,0,0,0,1,0,0,1,1,0,0,0,1,1,0,1,0
2022-01,1,Term Life,1,0,1,0,1,0,1,0,1,0,0,0,1,0,0,1,1,0,0,0,1,1,0,1,0
2022-01,1,Critical Illness,0,0,1,0,1,0,1,0,1,0,0,0,1,0,0,1,1,0,0,0,1,1,1,1,0
2022-01,1,Critical Illness,1,0,1,0,1,0,1,0,1,0,0,0,1,0,0,1,1,0,0,0,1,1,1,1,0
2022-02,0,Medical,0,0,0,0,0,0,0,0,0,0,1,0,0,0,0,1,0,0,1,1,0,1,1,1,0
2022-02,0,Medical,1,0,0,0,0,0,0,0,0,0,1,0,0,0,0,1,0,0,1,1,0,1,1,1,0
2022-02,0,Investment,0,0,0,0,0,0,0,0,0,0,0,0,0,0,1,1,0,0,1,1,0,1,0,1,0
2022-02,0,Investment,1,0,0,0,0,0,0,0,0,0,0,0,0,0,1,1,0,0,1,1,0,1,0,1,0
2022-02,0,Saving,0,0,0,0,0,0,0,0,0,0,0,0,0,0,1,1,0,0,1,1,0,1,0,1,0
2022-02,0,Saving,1,0,0,0,0,0,0,0,0,0,0,0,0,0,1,1,0,0,1,1,0,1,0,1,0
2022-02,0,Annuity,0,0,0,0,0,0,0,0,0,0,0,0,0,0,0,1,0,0,1,1,0,1,0,1,0
2022-02,0,Annuity,1,0,0,0,0,0,0,0,0,0,0,0,0,0,0,1,0,0,1,1,0,1,0,1,0
2022-02,0,Accident & Disability,0,0,0,0,0,0,0,0,0,0,0,0,0,0,0,1,0,0,1,1,0,1,1,1,0
2022-02,0,Accident & Disability,1,0,0,0,0,0,0,0,0,0,0,0,0,0,0,1,0,0,1,1,0,1,1,1,0
2022-02,0,Term Life,0,0,0,0,0,0,0,0,0,0,0,0,0,0,0,1,0,0,1,1,0,1,0,1,0
2022-02,0,Term Life,1,0,0,0,0,0,0,0,0,0,0,0,0,0,0,1,0,0,1,1,0,1,0,1,0
2022-02,0,Critical Illness,0,0,0,0,0,0,0,0,0,0,0,0,0,0,0,1,0,0,1,1,0,1,1,1,0
2022-02,0,Critical Illness,1,0,0,0,0,0,0,0,0,0,0,0,0,0,0,1,0,0,1,1,0,1,1,1,0
2022-02,1,Medical,0,0,1,0,1,0,1,0,1,0,1,0,1,0,0,1,1,0,0,1,1,1,1,1,0
2022-02,1,Medical,1,0,1,0,1,0,1,0,1,0,1,0,1,0,0,1,1,0,0,1,1,1,1,1,0
2022-02,1,Investment,0,0,1,0,1,0,1,0,1,0,0,0,1,0,1,1,1,0,0,1,1,1,0,1,1
2022-02,1,Investment,1,0,1,0,1,0,1,0,1,0,0,0,1,0,1,1,1,0,0,1,1,1,0,1,1
2022-02,1,Saving,0,0,1,0,1,0,1,0,1,0,0,0,1,0,1,1,1,0,0,1,1,1,0,1,1
2022-02,1,Saving,1,0,1,0,1,0,1,0,1,0,0,0,1,0,1,1,1,0,0,1,1,1,0,1,1
2022-02,1,Annuity,0,0,1,0,1,0,1,0,1,0,0,0,1,0,0,1,1,0,0,1,1,1,0,1,0
2022-02,1,Annuity,1,0,1,0,1,0,1,0,1,0,0,0,1,0,0,1,1,0,0,1,1,1,0,1,0
2022-02,1,Accident & Disability,0,0,1,0,1,0,1,0,1,0,0,0,1,0,0,1,1,0,0,1,1,1,1,1,0
2022-02,1,Accident & Disability,1,0,1,0,1,0,1,0,1,0,0,0,1,0,0,1,1,0,0,1,1,1,1,1,0
2022-02,1,Term Life,0,0,1,0,1,0,1,0,1,0,0,0,1,0,0,1,1,0,0,1,1,1,0,1,0
2022-02,1,Term Life,1,0,1,0,1,0,1,0,1,0,0,0,1,0,0,1,1,0,0,1,1,1,0,1,0
2022-02,1,Critical Illness,0,0,1,0,1,0,1,0,1,0,0,0,1,0,0,1,1,0,0,1,1,1,1,1,0
2022-02,1,Critical Illness,1,0,1,0,1,0,1,0,1,0,0,0,1,0,0,1,1,0,0,1,1,1,1,1,0
2022-03,0,Medical,0,0,0,0,0,0,0,0,0,0,1,0,0,0,0,1,0,0,1,1,0,1,1,1,0
2022-03,0,Medical,1,0,0,0,0,0,0,0,0,0,1,0,0,0,0,1,0,0,1,1,0,1,1,1,0
2022-03,0,Investment,0,0,0,0,0,0,0,0,0,0,0,0,0,0,1,1,0,0,1,1,0,1,0,1,0
2022-03,0,Investment,1,0,0,0,0,0,0,0,0,0,0,0,0,0,1,1,0,0,1,1,0,1,0,1,0
2022-03,0,Saving,0,0,0,0,0,0,0,0,0,0,0,0,0,0,1,1,0,0,1,1,0,1,0,1,0
2022-03,0,Saving,1,0,0,0,0,0,0,0,0,0,0,0,0,0,1,1,0,0,1,1,0,1,0,1,0
2022-03,0,Annuity,0,0,0,0,0,0,0,0,0,0,0,0,0,0,0,1,0,0,1,1,0,1,0,1,0
2022-03,0,Annuity,1,0,0,0,0,0,0,0,0,0,0,0,0,0,0,1,0,0,1,1,0,1,0,1,0
2022-03,0,Accident & Disability,0,0,0,0,0,0,0,0,0,0,0,0,0,0,0,1,0,0,1,1,0,1,1,1,0
2022-03,0,Accident & Disability,1,0,0,0,0,0,0,0,0,0,0,0,0,0,0,1,0,0,1,1,0,1,1,1,0
2022-03,0,Term Life,0,0,0,0,0,0,0,0,0,0,0,0,0,0,0,1,0,0,1,1,0,1,0,1,0
2022-03,0,Term Life,1,0,0,0,0,0,0,0,0,0,0,0,0,0,0,1,0,0,1,1,0,1,0,1,0
2022-03,0,Critical Illness,0,0,0,0,0,0,0,0,0,0,0,0,0,0,0,1,0,0,1,1,0,1,1,1,0
2022-03,0,Critical Illness,1,0,0,0,0,0,0,0,0,0,0,0,0,0,0,1,0,0,1,1,0,1,1,1,0
2022-03,1,Medical,0,0,1,0,1,0,1,0,1,0,1,0,1,0,0,1,1,0,0,1,1,1,1,1,0
2022-03,1,Medical,1,0,1,0,1,0,1,0,1,0,1,0,1,0,0,1,1,0,0,1,1,1,1,1,0
2022-03,1,Investment,0,0,1,0,1,0,1,0,1,0,0,0,1,0,1,1,1,0,0,1,1,1,0,1,1
2022-03,1,Investment,1,0,1,0,1,0,1,0,1,0,0,0,1,0,1,1,1,0,0,1,1,1,0,1,1
2022-03,1,Saving,0,0,1,0,1,0,1,0,1,0,0,0,1,0,1,1,1,0,0,1,1,1,0,1,1
2022-03,1,Saving,1,0,1,0,1,0,1,0,1,0,0,0,1,0,1,1,1,0,0,1,1,1,0,1,1
2022-03,1,Annuity,0,0,1,0,1,0,1,0,1,0,0,0,1,0,0,1,1,0,0,1,1,1,0,1,0
2022-03,1,Annuity,1,0,1,0,1,0,1,0,1,0,0,0,1,0,0,1,1,0,0,1,1,1,0,1,0
2022-03,1,Accident & Disability,0,0,1,0,1,0,1,0,1,0,0,0,1,0,0,1,1,0,0,1,1,1,1,1,0
2022-03,1,Accident & Disability,1,0,1,0,1,0,1,0,1,0,0,0,1,0,0,1,1,0,0,1,1,1,1,1,0
2022-03,1,Term Life,0,0,1,0,1,0,1,0,1,0,0,0,1,0,0,1,1,0,0,1,1,1,0,1,0
2022-03,1,Term Life,1,0,1,0,1,0,1,0,1,0,0,0,1,0,0,1,1,0,0,1,1,1,0,1,0
2022-03,1,Critical Illness,0,0,1,0,1,0,1,0,1,0,0,0,1,0,0,1,1,0,0,1,1,1,1,1,0
2022-03,1,Critical Illness,1,0,1,0,1,0,1,0,1,0,0,0,1,0,0,1,1,0,0,1,1,1,1,1,0
2022-04,0,Medical,0,0,0,0,0,0,0,0,0,0,1,0,0,0,0,1,0,0,1,1,0,1,1,1,0
2022-04,0,Medical,1,0,0,0,0,0,0,0,0,0,1,0,0,0,0,1,0,0,1,1,0,1,1,1,0
2022-04,0,Investment,0,0,0,0,0,0,0,0,0,0,0,0,0,0,1,1,0,0,1,1,0,1,0,1,0
2022-04,0,Investment,1,0,0,0,0,0,0,0,0,0,0,0,0,0,1,1,0,0,1,1,0,1,0,1,0
2022-04,0,Saving,0,0,0,0,0,0,0,0,0,0,0,0,0,0,1,1,0,0,1,1,0,1,0,1,0
2022-04,0,Saving,1,0,0,0,0,0,0,0,0,0,0,0,0,0,1,1,0,0,1,1,0,1,0,1,0
2022-04,0,Annuity,0,0,0,0,0,0,0,0,0,0,0,0,0,0,0,1,0,0,1,1,0,1,0,1,0
2022-04,0,Annuity,1,0,0,0,0,0,0,0,0,0,0,0,0,0,0,1,0,0,1,1,0,1,0,1,0
2022-04,0,Accident & Disability,0,0,0,0,0,0,0,0,0,0,0,0,0,0,0,1,0,0,1,1,0,1,1,1,0
2022-04,0,Accident & Disability,1,0,0,0,0,0,0,0,0,0,0,0,0,0,0,1,0,0,1,1,0,1,1,1,0
2022-04,0,Term Life,0,0,0,0,0,0,0,0,0,0,0,0,0,0,0,1,0,0,1,1,0,1,0,1,0
2022-04,0,Term Life,1,0,0,0,0,0,0,0,0,0,0,0,0,0,0,1,0,0,1,1,0,1,0,1,0
2022-04,0,Critical Illness,0,0,0,0,0,0,0,0,0,0,0,0,0,0,0,1,0,0,1,1,0,1,1,1,0
2022-04,0,Critical Illness,1,0,0,0,0,0,0,0,0,0,0,0,0,0,0,1,0,0,1,1,0,1,1,1,0
2022-04,1,Medical,0,0,1,0,1,0,1,0,1,0,1,0,1,0,0,1,1,0,0,1,1,1,1,1,0
2022-04,1,Medical,1,0,1,0,1,0,1,0,1,0,1,0,1,0,0,1,1,0,0,1,1,1,1,1,0
2022-04,1,Investment,0,0,1,0,1,0,1,0,1,0,0,0,1,0,1,1,1,0,0,1,1,1,0,1,1
2022-04,1,Investment,1,0,1,0,1,0,1,0,1,0,0,0,1,0,1,1,1,0,0,1,1,1,0,1,1
2022-04,1,Saving,0,0,1,0,1,0,1,0,1,0,0,0,1,0,1,1,1,0,0,1,1,1,0,1,1
2022-04,1,Saving,1,0,1,0,1,0,1,0,1,0,0,0,1,0,1,1,1,0,0,1,1,1,0,1,1
2022-04,1,Annuity,0,0,1,0,1,0,1,0,1,0,0,0,1,0,0,1,1,0,0,1,1,1,0,1,0
2022-04,1,Annuity,1,0,1,0,1,0,1,0,1,0,0,0,1,0,0,1,1,0,0,1,1,1,0,1,0
2022-04,1,Accident & Disability,0,0,1,0,1,0,1,0,1,0,0,0,1,0,0,1,1,0,0,1,1,1,1,1,0
2022-04,1,Accident & Disability,1,0,1,0,1,0,1,0,1,0,0,0,1,0,0,1,1,0,0,1,1,1,1,1,0
2022-04,1,Term Life,0,0,1,0,1,0,1,0,1,0,0,0,1,0,0,1,1,0,0,1,1,1,0,1,0
2022-04,1,Term Life,1,0,1,0,1,0,1,0,1,0,0,0,1,0,0,1,1,0,0,1,1,1,0,1,0
2022-04,1,Critical Illness,0,0,1,0,1,0,1,0,1,0,0,0,1,0,0,1,1,0,0,1,1,1,1,1,0
2022-04,1,Critical Illness,1,0,1,0,1,0,1,0,1,0,0,0,1,0,0,1,1,0,0,1,1,1,1,1,0
2022-05,0,Medical,0,0,0,0,0,0,0,0,0,0,1,0,0,0,0,1,0,0,1,1,0,1,1,1,0
2022-05,0,Medical,1,0,0,0,0,0,0,0,0,0,1,0,0,0,0,1,0,0,1,1,0,1,1,1,0
2022-05,0,Investment,0,0,0,0,0,0,0,0,0,0,0,0,0,0,1,1,0,0,1,1,0,1,0,1,0
2022-05,0,Investment,1,0,0,0,0,0,0,0,0,0,0,0,0,0,1,1,0,0,1,1,0,1,0,1,0
2022-05,0,Saving,0,0,0,0,0,0,0,0,0,0,0,0,0,0,1,1,0,0,1,1,0,1,0,1,0
2022-05,0,Saving,1,0,0,0,0,0,0,0,0,0,0,0,0,0,1,1,0,0,1,1,0,1,0,1,0
2022-05,0,Annuity,0,0,0,0,0,0,0,0,0,0,0,0,0,0,0,1,0,0,1,1,0,1,0,1,0
2022-05,0,Annuity,1,0,0,0,0,0,0,0,0,0,0,0,0,0,0,1,0,0,1,1,0,1,0,1,0
2022-05,0,Accident & Disability,0,0,0,0,0,0,0,0,0,0,0,0,0,0,0,1,0,0,1,1,0,1,1,1,0
2022-05,0,Accident & Disability,1,0,0,0,0,0,0,0,0,0,0,0,0,0,0,1,0,0,1,1,0,1,1,1,0
2022-05,0,Term Life,0,0,0,0,0,0,0,0,0,0,0,0,0,0,0,1,0,0,1,1,0,1,0,1,0
2022-05,0,Term Life,1,0,0,0,0,0,0,0,0,0,0,0,0,0,0,1,0,0,1,1,0,1,0,1,0
2022-05,0,Critical Illness,0,0,0,0,0,0,0,0,0,0,0,0,0,0,0,1,0,0,1,1,0,1,1,1,0
2022-05,0,Critical Illness,1,0,0,0,0,0,0,0,0,0,0,0,0,0,0,1,0,0,1,1,0,1,1,1,0
2022-05,1,Medical,0,0,1,0,1,0,1,0,1,0,1,0,1,0,0,1,1,0,0,1,1,1,1,1,0
2022-05,1,Medical,1,0,1,0,1,0,1,0,1,0,1,0,1,0,0,1,1,0,0,1,1,1,1,1,0
2022-05,1,Investment,0,0,1,0,1,0,1,0,1,0,0,0,1,0,1,1,1,0,0,1,1,1,0,1,1
2022-05,1,Investment,1,0,1,0,1,0,1,0,1,0,0,0,1,0,1,1,1,0,0,1,1,1,0,1,1
2022-05,1,Saving,0,0,1,0,1,0,1,0,1,0,0,0,1,0,1,1,1,0,0,1,1,1,0,1,1
2022-05,1,Saving,1,0,1,0,1,0,1,0,1,0,0,0,1,0,1,1,1,0,0,1,1,1,0,1,1
2022-05,1,Annuity,0,0,1,0,1,0,1,0,1,0,0,0,1,0,0,1,1,0,0,1,1,1,0,1,0
2022-05,1,Annuity,1,0,1,0,1,0,1,0,1,0,0,0,1,0,0,1,1,0,0,1,1,1,0,1,0
2022-05,1,Accident & Disability,0,0,1,0,1,0,1,0,1,0,0,0,1,0,0,1,1,0,0,1,1,1,1,1,0
2022-05,1,Accident & Disability,1,0,1,0,1,0,1,0,1,0,0,0,1,0,0,1,1,0,0,1,1,1,1,1,0
2022-05,1,Term Life,0,0,1,0,1,0,1,0,1,0,0,0,1,0,0,1,1,0,0,1,1,1,0,1,0
2022-05,1,Term Life,1,0,1,0,1,0,1,0,1,0,0,0,1,0,0,1,1,0,0,1,1,1,0,1,0
2022-05,1,Critical Illness,0,0,1,0,1,0,1,0,1,0,0,0,1,0,0,1,1,0,0,1,1,1,1,1,0
2022-05,1,Critical Illness,1,0,1,0,1,0,1,0,1,0,0,0,1,0,0,1,1,0,0,1,1,1,1,1,0
2022-06,0,Medical,0,0,0,0,0,0,0,0,0,0,1,0,0,0,0,1,0,0,1,1,0,1,1,1,0
2022-06,0,Medical,1,0,0,0,0,0,0,0,0,0,1,0,0,0,0,1,0,0,1,1,0,1,1,1,0
2022-06,0,Investment,0,0,0,0,0,0,0,0,0,0,0,0,0,0,1,1,0,0,1,1,0,1,0,1,0
2022-06,0,Investment,1,0,0,0,0,0,0,0,0,0,0,0,0,0,1,1,0,0,1,1,0,1,0,1,0
2022-06,0,Saving,0,0,0,0,0,0,0,0,0,0,0,0,0,0,1,1,0,0,1,1,0,1,0,1,0
2022-06,0,Saving,1,0,0,0,0,0,0,0,0,0,0,0,0,0,1,1,0,0,1,1,0,1,0,1,0
2022-06,0,Annuity,0,0,0,0,0,0,0,0,0,0,0,0,0,0,0,1,0,0,1,1,0,1,0,1,0
2022-06,0,Annuity,1,0,0,0,0,0,0,0,0,0,0,0,0,0,0,1,0,0,1,1,0,1,0,1,0
2022-06,0,Accident & Disability,0,0,0,0,0,0,0,0,0,0,0,0,0,0,0,1,0,0,1,1,0,1,1,1,0
2022-06,0,Accident & Disability,1,0,0,0,0,0,0,0,0,0,0,0,0,0,0,1,0,0,1,1,0,1,1,1,0
2022-06,0,Term Life,0,0,0,0,0,0,0,0,0,0,0,0,0,0,0,1,0,0,1,1,0,1,0,1,0
2022-06,0,Term Life,1,0,0,0,0,0,0,0,0,0,0,0,0,0,0,1,0,0,1,1,0,1,0,1,0
2022-06,0,Critical Illness,0,0,0,0,0,0,0,0,0,0,0,0,0,0,0,1,0,0,1,1,0,1,1,1,0
2022-06,0,Critical Illness,1,0,0,0,0,0,0,0,0,0,0,0,0,0,0,1,0,0,1,1,0,1,1,1,0
2022-06,1,Medical,0,0,1,0,1,0,1,0,1,0,1,0,1,0,0,1,1,0,0,1,1,1,1,1,0
2022-06,1,Medical,1,0,1,0,1,0,1,0,1,0,1,0,1,0,0,1,1,0,0,1,1,1,1,1,0
2022-06,1,Investment,0,0,1,0,1,0,1,0,1,0,0,0,1,0,1,1,1,0,0,1,1,1,0,1,1
2022-06,1,Investment,1,0,1,0,1,0,1,0,1,0,0,0,1,0,1,1,1,0,0,1,1,1,0,1,1
2022-06,1,Saving,0,0,1,0,1,0,1,0,1,0,0,0,1,0,1,1,1,0,0,1,1,1,0,1,1
2022-06,1,Saving,1,0,1,0,1,0,1,0,1,0,0,0,1,0,1,1,1,0,0,1,1,1,0,1,1
2022-06,1,Annuity,0,0,1,0,1,0,1,0,1,0,0,0,1,0,0,1,1,0,0,1,1,1,0,1,0
2022-06,1,Annuity,1,0,1,0,1,0,1,0,1,0,0,0,1,0,0,1,1,0,0,1,1,1,0,1,0
2022-06,1,Accident & Disability,0,0,1,0,1,0,1,0,1,0,0,0,1,0,0,1,1,0,0,1,1,1,1,1,0
2022-06,1,Accident & Disability,1,0,1,0,1,0,1,0,1,0,0,0,1,0,0,1,1,0,0,1,1,1,1,1,0
2022-06,1,Term Life,0,0,1,0,1,0,1,0,1,0,0,0,1,0,0,1,1,0,0,1,1,1,0,1,0
2022-06,1,Term Life,1,0,1,0,1,0,1,0,1,0,0,0,1,0,0,1,1,0,0,1,1,1,0,1,0
2022-06,1,Critical Illness,0,0,1,0,1,0,1,0,1,0,0,0,1,0,0,1,1,0,0,1,1,1,1,1,0
2022-06,1,Critical Illness,1,0,1,0,1,0,1,0,1,0,0,0,1,0,0,1,1,0,0,1,1,1,1,1,0
2022-07,0,Medical,0,0,0,0,0,0,0,0,0,0,1,0,0,0,0,1,0,0,1,1,0,1,1,1,0
2022-07,0,Medical,1,0,0,0,0,0,0,0,0,0,1,0,0,0,0,1,0,0,1,1,0,1,1,1,0
2022-07,0,Investment,0,0,0,0,0,0,0,0,0,0,0,0,0,0,1,1,0,0,1,1,0,1,0,1,0
2022-07,0,Investment,1,0,0,0,0,0,0,0,0,0,0,0,0,0,1,1,0,0,1,1,0,1,0,1,0
2022-07,0,Saving,0,0,0,0,0,0,0,0,0,0,0,0,0,0,1,1,0,0,1,1,0,1,0,1,0
2022-07,0,Saving,1,0,0,0,0,0,0,0,0,0,0,0,0,0,1,1,0,0,1,1,0,1,0,1,0
2022-07,0,Annuity,0,0,0,0,0,0,0,0,0,0,0,0,0,0,0,1,0,0,1,1,0,1,0,1,0
2022-07,0,Annuity,1,0,0,0,0,0,0,0,0,0,0,0,0,0,0,1,0,0,1,1,0,1,0,1,0
2022-07,0,Accident & Disability,0,0,0,0,0,0,0,0,0,0,0,0,0,0,0,1,0,0,1,1,0,1,1,1,0
2022-07,0,Accident & Disability,1,0,0,0,0,0,0,0,0,0,0,0,0,0,0,1,0,0,1,1,0,1,1,1,0
2022-07,0,Term Life,0,0,0,0,0,0,0,0,0,0,0,0,0,0,0,1,0,0,1,1,0,1,0,1,0
2022-07,0,Term Life,1,0,0,0,0,0,0,0,0,0,0,0,0,0,0,1,0,0,1,1,0,1,0,1,0
2022-07,0,Critical Illness,0,0,0,0,0,0,0,0,0,0,0,0,0,0,0,1,0,0,1,1,0,1,1,1,0
2022-07,0,Critical Illness,1,0,0,0,0,0,0,0,0,0,0,0,0,0,0,1,0,0,1,1,0,1,1,1,0
2022-07,1,Medical,0,0,1,0,1,0,1,0,1,0,1,0,1,0,0,1,1,0,0,1,1,1,1,1,0
2022-07,1,Medical,1,0,1,0,1,0,1,0,1,0,1,0,1,0,0,1,1,0,0,1,1,1,1,1,0
2022-07,1,Investment,0,0,1,0,1,0,1,0,1,0,0,0,1,0,1,1,1,0,0,1,1,1,0,1,1
2022-07,1,Investment,1,0,1,0,1,0,1,0,1,0,0,0,1,0,1,1,1,0,0,1,1,1,0,1,1
2022-07,1,Saving,0,0,1,0,1,0,1,0,1,0,0,0,1,0,1,1,1,0,0,1,1,1,0,1,1
2022-07,1,Saving,1,0,1,0,1,0,1,0,1,0,0,0,1,0,1,1,1,0,0,1,1,1,0,1,1
2022-07,1,Annuity,0,0,1,0,1,0,1,0,1,0,0,0,1,0,0,1,1,0,0,1,1,1,0,1,0
2022-07,1,Annuity,1,0,1,0,1,0,1,0,1,0,0,0,1,0,0,1,1,0,0,1,1,1,0,1,0
2022-07,1,Accident & Disability,0,0,1,0,1,0,1,0,1,0,0,0,1,0,0,1,1,0,0,1,1,1,1,1,0
2022-07,1,Accident & Disability,1,0,1,0,1,0,1,0,1,0,0,0,1,0,0,1,1,0,0,1,1,1,1,1,0
2022-07,1,Term Life,0,0,1,0,1,0,1,0,1,0,0,0,1,0,0,1,1,0,0,1,1,1,0,1,0
2022-07,1,Term Life,1,0,1,0,1,0,1,0,1,0,0,0,1,0,0,1,1,0,0,1,1,1,0,1,0
2022-07,1,Critical Illness,0,0,1,0,1,0,1,0,1,0,0,0,1,0,0,1,1,0,0,1,1,1,1,1,0
2022-07,1,Critical Illness,1,0,1,0,1,0,1,0,1,0,0,0,1,0,0,1,1,0,0,1,1,1,1,1,0
2022-08,0,Medical,0,0,0,0,0,0,0,0,0,0,1,0,0,0,0,1,0,0,1,1,0,1,1,1,0
2022-08,0,Medical,1,0,0,0,0,0,0,0,0,0,1,0,0,0,0,1,0,0,1,1,0,1,1,1,0
2022-08,0,Investment,0,0,0,0,0,0,0,0,0,0,0,0,0,0,1,1,0,0,1,1,0,1,0,1,0
2022-08,0,Investment,1,0,0,0,0,0,0,0,0,0,0,0,0,0,1,1,0,0,1,1,0,1,0,1,0
2022-08,0,Saving,0,0,0,0,0,0,0,0,0,0,0,0,0,0,1,1,0,0,1,1,0,1,0,1,0
2022-08,0,Saving,1,0,0,0,0,0,0,0,0,0,0,0,0,0,1,1,0,0,1,1,0,1,0,1,0
2022-08,0,Annuity,0,0,0,0,0,0,0,0,0,0,0,0,0,0,0,1,0,0,1,1,0,1,0,1,0
2022-08,0,Annuity,1,0,0,0,0,0,0,0,0,0,0,0,0,0,0,1,0,0,1,1,0,1,0,1,0
2022-08,0,Accident & Disability,0,0,0,0,0,0,0,0,0,0,0,0,0,0,0,1,0,0,1,1,0,1,1,1,0
2022-08,0,Accident & Disability,1,0,0,0,0,0,0,0,0,0,0,0,0,0,0,1,0,0,1,1,0,1,1,1,0
2022-08,0,Term Life,0,0,0,0,0,0,0,0,0,0,0,0,0,0,0,1,0,0,1,1,0,1,0,1,0
2022-08,0,Term Life,1,0,0,0,0,0,0,0,0,0,0,0,0,0,0,1,0,0,1,1,0,1,0,1,0
2022-08,0,Critical Illness,0,0,0,0,0,0,0,0,0,0,0,0,0,0,0,1,0,0,1,1,0,1,1,1,0
2022-08,0,Critical Illness,1,0,0,0,0,0,0,0,0,0,0,0,0,0,0,1,0,0,1,1,0,1,1,1,0
2022-08,1,Medical,0,0,1,0,1,0,1,0,1,0,1,0,1,0,0,1,1,0,0,1,1,1,1,1,0
2022-08,1,Medical,1,0,1,0,1,0,1,0,1,0,1,0,1,0,0,1,1,0,0,1,1,1,1,1,0
2022-08,1,Investment,0,0,1,0,1,0,1,0,1,0,0,0,1,0,1,1,1,0,0,1,1,1,0,1,1
2022-08,1,Investment,1,0,1,0,1,0,1,0,1,0,0,0,1,0,1,1,1,0,0,1,1,1,0,1,1
2022-08,1,Saving,0,0,1,0,1,0,1,0,1,0,0,0,1,0,1,1,1,0,0,1,1,1,0,1,1
2022-08,1,Saving,1,0,1,0,1,0,1,0,1,0,0,0,1,0,1,1,1,0,0,1,1,1,0,1,1
2022-08,1,Annuity,0,0,1,0,1,0,1,0,1,0,0,0,1,0,0,1,1,0,0,1,1,1,0,1,0
2022-08,1,Annuity,1,0,1,0,1,0,1,0,1,0,0,0,1,0,0,1,1,0,0,1,1,1,0,1,0
2022-08,1,Accident & Disability,0,0,1,0,1,0,1,0,1,0,0,0,1,0,0,1,1,0,0,1,1,1,1,1,0
2022-08,1,Accident & Disability,1,0,1,0,1,0,1,0,1,0,0,0,1,0,0,1,1,0,0,1,1,1,1,1,0
2022-08,1,Term Life,0,0,1,0,1,0,1,0,1,0,0,0,1,0,0,1,1,0,0,1,1,1,0,1,0
2022-08,1,Term Life,1,0,1,0,1,0,1,0,1,0,0,0,1,0,0,1,1,0,0,1,1,1,0,1,0
2022-08,1,Critical Illness,0,0,1,0,1,0,1,0,1,0,0,0,1,0,0,1,1,0,0,1,1,1,1,1,0
2022-08,1,Critical Illness,1,0,1,0,1,0,1,0,1,0,0,0,1,0,0,1,1,0,0,1,1,1,1,1,0
2022-09,0,Medical,0,0,0,0,0,0,0,0,0,0,1,0,0,1,0,1,0,0,1,1,0,1,1,1,0
2022-09,0,Medical,1,0,0,0,0,0,0,0,0,0,1,0,0,1,0,1,0,0,1,1,0,1,1,1,0
2022-09,0,Investment,0,0,0,0,0,0,0,0,0,0,0,0,0,1,1,1,0,0,1,1,0,1,0,1,0
2022-09,0,Investment,1,0,0,0,0,0,0,0,0,0,0,0,0,1,1,1,0,0,1,1,0,1,0,1,0
2022-09,0,Saving,0,0,0,0,0,0,0,0,0,0,0,0,0,1,1,1,0,0,1,1,0,1,0,1,0
2022-09,0,Saving,1,0,0,0,0,0,0,0,0,0,0,0,0,1,1,1,0,0,1,1,0,1,0,1,0
2022-09,0,Annuity,0,0,0,0,0,0,0,0,0,0,0,0,0,1,0,1,0,0,1,1,0,1,0,1,0
2022-09,0,Annuity,1,0,0,0,0,0,0,0,0,0,0,0,0,1,0,1,0,0,1,1,0,1,0,1,0
2022-09,0,Accident & Disability,0,0,0,0,0,0,0,0,0,0,0,0,0,1,0,1,0,0,1,1,0,1,1,1,0
2022-09,0,Accident & Disability,1,0,0,0,0,0,0,0,0,0,0,0,0,1,0,1,0,0,1,1,0,1,1,1,0
2022-09,0,Term Life,0,0,0,0,0,0,0,0,0,0,0,0,0,1,0,1,0,0,1,1,0,1,0,1,0
2022-09,0,Term Life,1,0,0,0,0,0,0,0,0,0,0,0,0,1,0,1,0,0,1,1,0,1,0,1,0
2022-09,0,Critical Illness,0,0,0,0,0,0,0,0,0,0,0,0,0,1,0,1,0,0,1,1,0,1,1,1,0
2022-09,0,Critical Illness,1,0,0,0,0,0,0,0,0,0,0,0,0,1,0,1,0,0,1,1,0,1,1,1,0
2022-09,1,Medical,0,0,1,0,1,0,1,0,1,0,1,0,1,1,0,1,1,0,0,1,1,1,1,1,0
2022-09,1,Medical,1,0,1,0,1,0,1,0,1,0,1,0,1,1,0,1,1,0,0,1,1,1,1,1,0
2022-09,1,Investment,0,0,1,0,1,0,1,0,1,0,0,0,1,1,1,1,1,0,0,1,1,1,0,1,1
2022-09,1,Investment,1,0,1,0,1,0,1,0,1,0,0,0,1,1,1,1,1,0,0,1,1,1,0,1,1
2022-09,1,Saving,0,0,1,0,1,0,1,0,1,0,0,0,1,1,1,1,1,0,0,1,1,1,0,1,1
2022-09,1,Saving,1,0,1,0,1,0,1,0,1,0,0,0,1,1,1,1,1,0,0,1,1,1,0,1,1
2022-09,1,Annuity,0,0,1,0,1,0,1,0,1,0,0,0,1,1,0,1,1,0,0,1,1,1,0,1,0
2022-09,1,Annuity,1,0,1,0,1,0,1,0,1,0,0,0,1,1,0,1,1,0,0,1,1,1,0,1,0
2022-09,1,Accident & Disability,0,0,1,0,1,0,1,0,1,0,0,0,1,1,0,1,1,0,0,1,1,1,1,1,0
2022-09,1,Accident & Disability,1,0,1,0,1,0,1,0,1,0,0,0,1,1,0,1,1,0,0,1,1,1,1,1,0
2022-09,1,Term Life,0,0,1,0,1,0,1,0,1,0,0,0,1,1,0,1,1,0,0,1,1,1,0,1,0
2022-09,1,Term Life,1,0,1,0,1,0,1,0,1,0,0,0,1,1,0,1,1,0,0,1,1,1,0,1,0
2022-09,1,Critical Illness,0,0,1,0,1,0,1,0,1,0,0,0,1,1,0,1,1,0,0,1,1,1,1,1,0
2022-09,1,Critical Illness,1,0,1,0,1,0,1,0,1,0,0,0,1,1,0,1,1,0,0,1,1,1,1,1,0
2022-10,0,Medical,0,0,0,0,0,0,0,0,0,0,1,0,0,1,0,1,0,0,1,1,0,1,1,1,0
2022-10,0,Medical,1,0,0,0,0,0,0,0,0,0,1,0,0,1,0,1,0,0,1,1,0,1,1,1,0
2022-10,0,Investment,0,0,0,0,0,0,0,0,0,0,0,0,0,1,1,1,0,0,1,1,0,1,0,1,0
2022-10,0,Investment,1,0,0,0,0,0,0,0,0,0,0,0,0,1,1,1,0,0,1,1,0,1,0,1,0
2022-10,0,Saving,0,0,0,0,0,0,0,0,0,0,0,0,0,1,1,1,0,0,1,1,0,1,0,1,0
2022-10,0,Saving,1,0,0,0,0,0,0,0,0,0,0,0,0,1,1,1,0,0,1,1,0,1,0,1,0
2022-10,0,Annuity,0,0,0,0,0,0,0,0,0,0,0,0,0,1,0,1,0,0,1,1,0,1,0,1,0
2022-10,0,Annuity,1,0,0,0,0,0,0,0,0,0,0,0,0,1,0,1,0,0,1,1,0,1,0,1,0
2022-10,0,Accident & Disability,0,0,0,0,0,0,0,0,0,0,0,0,0,1,0,1,0,0,1,1,0,1,1,1,0
2022-10,0,Accident & Disability,1,0,0,0,0,0,0,0,0,0,0,0,0,1,0,1,0,0,1,1,0,1,1,1,0
2022-10,0,Term Life,0,0,0,0,0,0,0,0,0,0,0,0,0,1,0,1,0,0,1,1,0,1,0,1,0
2022-10,0,Term Life,1,0,0,0,0,0,0,0,0,0,0,0,0,1,0,1,0,0,1,1,0,1,0,1,0
2022-10,0,Critical Illness,0,0,0,0,0,0,0,0,0,0,0,0,0,1,0,1,0,0,1,1,0,1,1,1,0
2022-10,0,Critical Illness,1,0,0,0,0,0,0,0,0,0,0,0,0,1,0,1,0,0,1,1,0,1,1,1,0
2022-10,1,Medical,0,0,1,0,1,0,1,0,1,0,1,0,1,1,0,1,1,0,0,1,1,1,1,1,0
2022-10,1,Medical,1,0,1,0,1,0,1,0,1,0,1,0,1,1,0,1,1,0,0,1,1,1,1,1,0
2022-10,1,Investment,0,0,1,0,1,0,1,0,1,0,0,0,1,1,1,1,1,0,0,1,1,1,0,1,1
2022-10,1,Investment,1,0,1,0,1,0,1,0,1,0,0,0,1,1,1,1,1,0,0,1,1,1,0,1,1
2022-10,1,Saving,0,0,1,0,1,0,1,0,1,0,0,0,1,1,1,1,1,0,0,1,1,1,0,1,1
2022-10,1,Saving,1,0,1,0,1,0,1,0,1,0,0,0,1,1,1,1,1,0,0,1,1,1,0,1,1
2022-10,1,Annuity,0,0,1,0,1,0,1,0,1,0,0,0,1,1,0,1,1,0,0,1,1,1,0,1,0
2022-10,1,Annuity,1,0,1,0,1,0,1,0,1,0,0,0,1,1,0,1,1,0,0,1,1,1,0,1,0
2022-10,1,Accident & Disability,0,0,1,0,1,0,1,0,1,0,0,0,1,1,0,1,1,0,0,1,1,1,1,1,0
2022-10,1,Accident & Disability,1,0,1,0,1,0,1,0,1,0,0,0,1,1,0,1,1,0,0,1,1,1,1,1,0
2022-10,1,Term Life,0,0,1,0,1,0,1,0,1,0,0,0,1,1,0,1,1,0,0,1,1,1,0,1,0
2022-10,1,Term Life,1,0,1,0,1,0,1,0,1,0,0,0,1,1,0,1,1,0,0,1,1,1,0,1,0
2022-10,1,Critical Illness,0,0,1,0,1,0,1,0,1,0,0,0,1,1,0,1,1,0,0,1,1,1,1,1,0
2022-10,1,Critical Illness,1,0,1,0,1,0,1,0,1,0,0,0,1,1,0,1,1,0,0,1,1,1,1,1,0
2022-11,0,Medical,0,0,0,0,0,0,0,0,0,0,1,0,0,1,0,1,0,0,1,1,0,1,1,1,0
2022-11,0,Medical,1,0,0,0,0,0,0,0,0,0,1,0,0,1,0,1,0,0,1,1,0,1,1,1,0
2022-11,0,Investment,0,0,0,0,0,0,0,0,0,0,0,0,0,1,1,1,0,0,1,1,0,1,0,1,0
2022-11,0,Investment,1,0,0,0,0,0,0,0,0,0,0,0,0,1,1,1,0,0,1,1,0,1,0,1,0
2022-11,0,Saving,0,0,0,0,0,0,0,0,0,0,0,0,0,1,1,1,0,0,1,1,0,1,0,1,0
2022-11,0,Saving,1,0,0,0,0,0,0,0,0,0,0,0,0,1,1,1,0,0,1,1,0,1,0,1,0
2022-11,0,Annuity,0,0,0,0,0,0,0,0,0,0,0,0,0,1,0,1,0,0,1,1,0,1,0,1,0
2022-11,0,Annuity,1,0,0,0,0,0,0,0,0,0,0,0,0,1,0,1,0,0,1,1,0,1,0,1,0
2022-11,0,Accident & Disability,0,0,0,0,0,0,0,0,0,0,0,0,0,1,0,1,0,0,1,1,0,1,1,1,0
2022-11,0,Accident & Disability,1,0,0,0,0,0,0,0,0,0,0,0,0,1,0,1,0,0,1,1,0,1,1,1,0
2022-11,0,Term Life,0,0,0,0,0,0,0,0,0,0,0,0,0,1,0,1,0,0,1,1,0,1,0,1,0
2022-11,0,Term Life,1,0,0,0,0,0,0,0,0,0,0,0,0,1,0,1,0,0,1,1,0,1,0,1,0
2022-11,0,Critical Illness,0,0,0,0,0,0,0,0,0,0,0,0,0,1,0,1,0,0,1,1,0,1,1,1,0
2022-11,0,Critical Illness,1,0,0,0,0,0,0,0,0,0,0,0,0,1,0,1,0,0,1,1,0,1,1,1,0
2022-11,1,Medical,0,0,1,0,1,0,1,0,1,0,1,0,1,1,0,1,1,0,0,1,1,1,1,1,0
2022-11,1,Medical,1,0,1,0,1,0,1,0,1,0,1,0,1,1,0,1,1,0,0,1,1,1,1,1,0
2022-11,1,Investment,0,0,1,0,1,0,1,0,1,0,0,0,1,1,1,1,1,0,0,1,1,1,0,1,1
2022-11,1,Investment,1,0,1,0,1,0,1,0,1,0,0,0,1,1,1,1,1,0,0,1,1,1,0,1,1
2022-11,1,Saving,0,0,1,0,1,0,1,0,1,0,0,0,1,1,1,1,1,0,0,1,1,1,0,1,1
2022-11,1,Saving,1,0,1,0,1,0,1,0,1,0,0,0,1,1,1,1,1,0,0,1,1,1,0,1,1
2022-11,1,Annuity,0,0,1,0,1,0,1,0,1,0,0,0,1,1,0,1,1,0,0,1,1,1,0,1,0
2022-11,1,Annuity,1,0,1,0,1,0,1,0,1,0,0,0,1,1,0,1,1,0,0,1,1,1,0,1,0
2022-11,1,Accident & Disability,0,0,1,0,1,0,1,0,1,0,0,0,1,1,0,1,1,0,0,1,1,1,1,1,0
2022-11,1,Accident & Disability,1,0,1,0,1,0,1,0,1,0,0,0,1,1,0,1,1,0,0,1,1,1,1,1,0
2022-11,1,Term Life,0,0,1,0,1,0,1,0,1,0,0,0,1,1,0,1,1,0,0,1,1,1,0,1,0
2022-11,1,Term Life,1,0,1,0,1,0,1,0,1,0,0,0,1,1,0,1,1,0,0,1,1,1,0,1,0
2022-11,1,Critical Illness,0,0,1,0,1,0,1,0,1,0,0,0,1,1,0,1,1,0,0,1,1,1,1,1,0
2022-11,1,Critical Illness,1,0,1,0,1,0,1,0,1,0,0,0,1,1,0,1,1,0,0,1,1,1,1,1,0
2022-12,0,Medical,0,0,0,0,0,0,0,0,0,0,1,0,0,1,0,1,0,0,1,1,0,1,1,1,0
2022-12,0,Medical,1,0,0,0,0,0,0,0,0,0,1,0,0,1,0,1,0,0,1,1,0,1,1,1,0
2022-12,0,Investment,0,0,0,0,0,0,0,0,0,0,0,0,0,1,1,1,0,0,1,1,0,1,0,1,0
2022-12,0,Investment,1,0,0,0,0,0,0,0,0,0,0,0,0,1,1,1,0,0,1,1,0,1,0,1,0
2022-12,0,Saving,0,0,0,0,0,0,0,0,0,0,0,0,0,1,1,1,0,0,1,1,0,1,0,1,0
2022-12,0,Saving,1,0,0,0,0,0,0,0,0,0,0,0,0,1,1,1,0,0,1,1,0,1,0,1,0
2022-12,0,Annuity,0,0,0,0,0,0,0,0,0,0,0,0,0,1,0,1,0,0,1,1,0,1,0,1,0
2022-12,0,Annuity,1,0,0,0,0,0,0,0,0,0,0,0,0,1,0,1,0,0,1,1,0,1,0,1,0
2022-12,0,Accident & Disability,0,0,0,0,0,0,0,0,0,0,0,0,0,1,0,1,0,0,1,1,0,1,1,1,0
2022-12,0,Accident & Disability,1,0,0,0,0,0,0,0,0,0,0,0,0,1,0,1,0,0,1,1,0,1,1,1,0
2022-12,0,Term Life,0,0,0,0,0,0,0,0,0,0,0,0,0,1,0,1,0,0,1,1,0,1,0,1,0
2022-12,0,Term Life,1,0,0,0,0,0,0,0,0,0,0,0,0,1,0,1,0,0,1,1,0,1,0,1,0
2022-12,0,Critical Illness,0,0,0,0,0,0,0,0,0,0,0,0,0,1,0,1,0,0,1,1,0,1,1,1,0
2022-12,0,Critical Illness,1,0,0,0,0,0,0,0,0,0,0,0,0,1,0,1,0,0,1,1,0,1,1,1,0
2022-12,1,Medical,0,0,1,0,1,0,1,0,1,0,1,0,1,1,0,1,1,0,0,1,1,1,1,1,0
2022-12,1,Medical,1,0,1,0,1,0,1,0,1,0,1,0,1,1,0,1,1,0,0,1,1,1,1,1,0
2022-12,1,Investment,0,0,1,0,1,0,1,0,1,0,0,0,1,1,1,1,1,0,0,1,1,1,0,1,1
2022-12,1,Investment,1,0,1,0,1,0,1,0,1,0,0,0,1,1,1,1,1,0,0,1,1,1,0,1,1
2022-12,1,Saving,0,0,1,0,1,0,1,0,1,0,0,0,1,1,1,1,1,0,0,1,1,1,0,1,1
2022-12,1,Saving,1,0,1,0,1,0,1,0,1,0,0,0,1,1,1,1,1,0,0,1,1,1,0,1,1
2022-12,1,Annuity,0,0,1,0,1,0,1,0,1,0,0,0,1,1,0,1,1,0,0,1,1,1,0,1,0
2022-12,1,Annuity,1,0,1,0,1,0,1,0,1,0,0,0,1,1,0,1,1,0,0,1,1,1,0,1,0
2022-12,1,Accident & Disability,0,0,1,0,1,0,1,0,1,0,0,0,1,1,0,1,1,0,0,1,1,1,1,1,0
2022-12,1,Accident & Disability,1,0,1,0,1,0,1,0,1,0,0,0,1,1,0,1,1,0,0,1,1,1,1,1,0
2022-12,1,Term Life,0,0,1,0,1,0,1,0,1,0,0,0,1,1,0,1,1,0,0,1,1,1,0,1,0
2022-12,1,Term Life,1,0,1,0,1,0,1,0,1,0,0,0,1,1,0,1,1,0,0,1,1,1,0,1,0
2022-12,1,Critical Illness,0,0,1,0,1,0,1,0,1,0,0,0,1,1,0,1,1,0,0,1,1,1,1,1,0
2022-12,1,Critical Illness,1,0,1,0,1,0,1,0,1,0,0,0,1,1,0,1,1,0,0,1,1,1,1,1,0
2023-01,0,Medical,0,0,0,0,0,0,0,0,0,0,1,1,0,1,0,1,0,0,1,1,0,1,1,1,0
2023-01,0,Medical,1,0,0,0,0,0,0,0,0,0,1,1,0,1,0,1,0,0,1,1,0,1,1,1,0
2023-01,0,Investment,0,0,0,0,0,0,0,0,0,0,0,1,0,1,1,1,0,0,1,1,0,1,0,1,0
2023-01,0,Investment,1,0,0,0,0,0,0,0,0,0,0,1,0,1,1,1,0,0,1,1,0,1,0,1,0
2023-01,0,Saving,0,0,0,0,0,0,0,0,0,0,0,1,0,1,1,1,0,0,1,1,0,1,0,1,0
2023-01,0,Saving,1,0,0,0,0,0,0,0,0,0,0,1,0,1,1,1,0,0,1,1,0,1,0,1,0
2023-01,0,Annuity,0,0,0,0,0,0,0,0,0,0,0,1,0,1,0,1,0,0,1,1,0,1,0,1,0
2023-01,0,Annuity,1,0,0,0,0,0,0,0,0,0,0,1,0,1,0,1,0,0,1,1,0,1,0,1,0
2023-01,0,Accident & Disability,0,0,0,0,0,0,0,0,0,0,0,1,0,1,0,1,0,0,1,1,0,1,1,1,0
2023-01,0,Accident & Disability,1,0,0,0,0,0,0,0,0,0,0,1,0,1,0,1,0,0,1,1,0,1,1,1,0
2023-01,0,Term Life,0,0,0,0,0,0,0,0,0,0,0,1,0,1,0,1,0,0,1,1,0,1,0,1,0
2023-01,0,Term Life,1,0,0,0,0,0,0,0,0,0,0,1,0,1,0,1,0,0,1,1,0,1,0,1,0
2023-01,0,Critical Illness,0,0,0,0,0,0,0,0,0,0,0,1,0,1,0,1,0,0,1,1,0,1,1,1,0
2023-01,0,Critical Illness,1,0,0,0,0,0,0,0,0,0,0,1,0,1,0,1,0,0,1,1,0,1,1,1,0
2023-01,1,Medical,0,0,1,0,1,0,1,0,1,0,1,1,1,1,0,1,1,0,0,1,1,1,1,1,0
2023-01,1,Medical,1,0,1,0,1,0,1,0,1,0,1,1,1,1,0,1,1,0,0,1,1,1,1,1,0
2023-01,1,Investment,0,0,1,0,1,0,1,0,1,0,0,1,1,1,1,1,1,0,0,1,1,1,0,1,1
2023-01,1,Investment,1,0,1,0,1,0,1,0,1,0,0,1,1,1,1,1,1,0,0,1,1,1,0,1,1
2023-01,1,Saving,0,0,1,0,1,0,1,0,1,0,0,1,1,1,1,1,1,0,0,1,1,1,0,1,1
2023-01,1,Saving,1,0,1,0,1,0,1,0,1,0,0,1,1,1,1,1,1,0,0,1,1,1,0,1,1
2023-01,1,Annuity,0,0,1,0,1,0,1,0,1,0,0,1,1,1,0,1,1,0,0,1,1,1,0,1,0
2023-01,1,Annuity,1,0,1,0,1,0,1,0,1,0,0,1,1,1,0,1,1,0,0,1,1,1,0,1,0
2023-01,1,Accident & Disability,0,0,1,0,1,0,1,0,1,0,0,1,1,1,0,1,1,0,0,1,1,1,1,1,0
2023-01,1,Accident & Disability,1,0,1,0,1,0,1,0,1,0,0,1,1,1,0,1,1,0,0,1,1,1,1,1,0
2023-01,1,Term Life,0,0,1,0,1,0,1,0,1,0,0,1,1,1,0,1,1,0,0,1,1,1,0,1,0
2023-01,1,Term Life,1,0,1,0,1,0,1,0,1,0,0,1,1,1,0,1,1,0,0,1,1,1,0,1,0
2023-01,1,Critical Illness,0,0,1,0,1,0,1,0,1,0,0,1,1,1,0,1,1,0,0,1,1,1,1,1,0
2023-01,1,Critical Illness,1,0,1,0,1,0,1,0,1,0,0,1,1,1,0,1,1,0,0,1,1,1,1,1,0
2023-02,0,Medical,0,1,0,0,0,0,0,0,0,0,1,1,0,1,0,1,0,0,1,1,0,1,1,1,0
2023-02,0,Medical,1,1,0,0,0,0,0,0,0,0,1,1,0,1,0,1,0,0,1,1,0,1,1,1,0
2023-02,0,Investment,0,1,0,0,0,0,0,0,0,0,0,1,0,1,1,1,0,0,1,1,0,1,0,1,0
2023-02,0,Investment,1,1,0,0,0,0,0,0,0,0,0,1,0,1,1,1,0,0,1,1,0,1,0,1,0
2023-02,0,Saving,0,1,0,0,0,0,0,0,0,0,0,1,0,1,1,1,0,0,1,1,0,1,0,1,0
2023-02,0,Saving,1,1,0,0,0,0,0,0,0,0,0,1,0,1,1,1,0,0,1,1,0,1,0,1,0
2023-02,0,Annuity,0,1,0,0,0,0,0,0,0,0,0,1,0,1,0,1,0,0,1,1,0,1,0,1,0
2023-02,0,Annuity,1,1,0,0,0,0,0,0,0,0,0,1,0,1,0,1,0,0,1,1,0,1,0,1,0
2023-02,0,Accident & Disability,0,1,0,0,0,0,0,0,0,0,0,1,0,1,0,1,0,0,1,1,0,1,1,1,0
2023-02,0,Accident & Disability,1,1,0,0,0,0,0,0,0,0,0,1,0,1,0,1,0,0,1,1,0,1,1,1,0
2023-02,0,Term Life,0,1,0,0,0,0,0,0,0,0,0,1,0,1,0,1,0,0,1,1,0,1,0,1,0
2023-02,0,Term Life,1,1,0,0,0,0,0,0,0,0,0,1,0,1,0,1,0,0,1,1,0,1,0,1,0
2023-02,0,Critical Illness,0,1,0,0,0,0,0,0,0,0,0,1,0,1,0,1,0,0,1,1,0,1,1,1,0
2023-02,0,Critical Illness,1,1,0,0,0,0,0,0,0,0,0,1,0,1,0,1,0,0,1,1,0,1,1,1,0
2023-02,1,Medical,0,1,1,0,1,0,1,0,1,0,1,1,1,1,0,1,1,0,0,1,1,1,1,1,0
2023-02,1,Medical,1,1,1,0,1,0,1,0,1,0,1,1,1,1,0,1,1,0,0,1,1,1,1,1,0
2023-02,1,Investment,0,1,1,0,1,0,1,0,1,0,0,1,1,1,1,1,1,0,0,1,1,1,0,1,1
2023-02,1,Investment,1,1,1,0,1,0,1,0,1,0,0,1,1,1,1,1,1,0,0,1,1,1,0,1,1
2023-02,1,Saving,0,1,1,0,1,0,1,0,1,0,0,1,1,1,1,1,1,0,0,1,1,1,0,1,1
2023-02,1,Saving,1,1,1,0,1,0,1,0,1,0,0,1,1,1,1,1,1,0,0,1,1,1,0,1,1
2023-02,1,Annuity,0,1,1,0,1,0,1,0,1,0,0,1,1,1,0,1,1,0,0,1,1,1,0,1,0
2023-02,1,Annuity,1,1,1,0,1,0,1,0,1,0,0,1,1,1,0,1,1,0,0,1,1,1,0,1,0
2023-02,1,Accident & Disability,0,1,1,0,1,0,1,0,1,0,0,1,1,1,0,1,1,0,0,1,1,1,1,1,0
2023-02,1,Accident & Disability,1,1,1,0,1,0,1,0,1,0,0,1,1,1,0,1,1,0,0,1,1,1,1,1,0
2023-02,1,Term Life,0,1,1,0,1,0,1,0,1,0,0,1,1,1,0,1,1,0,0,1,1,1,0,1,0
2023-02,1,Term Life,1,1,1,0,1,0,1,0,1,0,0,1,1,1,0,1,1,0,0,1,1,1,0,1,0
2023-02,1,Critical Illness,0,1,1,0,1,0,1,0,1,0,0,1,1,1,0,1,1,0,0,1,1,1,1,1,0
2023-02,1,Critical Illness,1,1,1,0,1,0,1,0,1,0,0,1,1,1,0,1,1,0,0,1,1,1,1,1,0
2023-03,0,Medical,0,1,0,0,0,0,0,0,0,0,1,1,0,1,0,1,0,0,1,1,0,1,1,1,0
2023-03,0,Medical,1,1,0,0,0,0,0,0,0,0,1,1,0,1,0,1,0,0,1,1,0,1,1,1,0
2023-03,0,Investment,0,1,0,0,0,0,0,0,0,0,0,1,0,1,1,1,0,0,1,1,0,1,0,1,0
2023-03,0,Investment,1,1,0,0,0,0,0,0,0,0,0,1,0,1,1,1,0,0,1,1,0,1,0,1,0
2023-03,0,Saving,0,1,0,0,0,0,0,0,0,0,0,1,0,1,1,1,0,0,1,1,0,1,0,1,0
2023-03,0,Saving,1,1,0,0,0,0,0,0,0,0,0,1,0,1,1,1,0,0,1,1,0,1,0,1,0
2023-03,0,Annuity,0,1,0,0,0,0,0,0,0,0,0,1,0,1,0,1,0,0,1,1,0,1,0,1,0
2023-03,0,Annuity,1,1,0,0,0,0,0,0,0,0,0,1,0,1,0,1,0,0,1,1,0,1,0,1,0
2023-03,0,Accident & Disability,0,1,0,0,0,0,0,0,0,0,0,1,0,1,0,1,0,0,1,1,0,1,1,1,0
2023-03,0,Accident & Disability,1,1,0,0,0,0,0,0,0,0,0,1,0,1,0,1,0,0,1,1,0,1,1,1,0
2023-03,0,Term Life,0,1,0,0,0,0,0,0,0,0,0,1,0,1,0,1,0,0,1,1,0,1,0,1,0
2023-03,0,Term Life,1,1,0,0,0,0,0,0,0,0,0,1,0,1,0,1,0,0,1,1,0,1,0,1,0
2023-03,0,Critical Illness,0,1,0,0,0,0,0,0,0,0,0,1,0,1,0,1,0,0,1,1,0,1,1,1,0
2023-03,0,Critical Illness,1,1,0,0,0,0,0,0,0,0,0,1,0,1,0,1,0,0,1,1,0,1,1,1,0
2023-03,1,Medical,0,1,1,0,1,0,1,0,1,0,1,1,1,1,0,1,1,0,0,1,1,1,1,1,0
2023-03,1,Medical,1,1,1,0,1,0,1,0,1,0,1,1,1,1,0,1,1,0,0,1,1,1,1,1,0
2023-03,1,Investment,0,1,1,0,1,0,1,0,1,0,0,1,1,1,1,1,1,0,0,1,1,1,0,1,1
2023-03,1,Investment,1,1,1,0,1,0,1,0,1,0,0,1,1,1,1,1,1,0,0,1,1,1,0,1,1
2023-03,1,Saving,0,1,1,0,1,0,1,0,1,0,0,1,1,1,1,1,1,0,0,1,1,1,0,1,1
2023-03,1,Saving,1,1,1,0,1,0,1,0,1,0,0,1,1,1,1,1,1,0,0,1,1,1,0,1,1
2023-03,1,Annuity,0,1,1,0,1,0,1,0,1,0,0,1,1,1,0,1,1,0,0,1,1,1,0,1,0
2023-03,1,Annuity,1,1,1,0,1,0,1,0,1,0,0,1,1,1,0,1,1,0,0,1,1,1,0,1,0
2023-03,1,Accident & Disability,0,1,1,0,1,0,1,0,1,0,0,1,1,1,0,1,1,0,0,1,1,1,1,1,0
2023-03,1,Accident & Disability,1,1,1,0,1,0,1,0,1,0,0,1,1,1,0,1,1,0,0,1,1,1,1,1,0
2023-03,1,Term Life,0,1,1,0,1,0,1,0,1,0,0,1,1,1,0,1,1,0,0,1,1,1,0,1,0
2023-03,1,Term Life,1,1,1,0,1,0,1,0,1,0,0,1,1,1,0,1,1,0,0,1,1,1,0,1,0
2023-03,1,Critical Illness,0,1,1,0,1,0,1,0,1,0,0,1,1,1,0,1,1,0,0,1,1,1,1,1,0
2023-03,1,Critical Illness,1,1,1,0,1,0,1,0,1,0,0,1,1,1,0,1,1,0,0,1,1,1,1,1,0
2023-04,0,Medical,0,1,0,0,0,0,0,0,0,1,1,1,0,1,0,1,0,0,1,1,0,1,1,1,0
2023-04,0,Medical,1,1,0,0,0,0,0,0,0,1,1,1,0,1,0,1,0,0,1,1,0,1,1,1,0
2023-04,0,Investment,0,1,0,0,0,0,0,0,0,1,0,1,0,1,1,1,0,0,1,1,0,1,0,1,0
2023-04,0,Investment,1,1,0,0,0,0,0,0,0,1,0,1,0,1,1,1,0,0,1,1,0,1,0,1,0
2023-04,0,Saving,0,1,0,0,0,0,0,0,0,1,0,1,0,1,1,1,0,0,1,1,0,1,0,1,0
2023-04,0,Saving,1,1,0,0,0,0,0,0,0,1,0,1,0,1,1,1,0,0,1,1,0,1,0,1,0
2023-04,0,Annuity,0,1,0,0,0,0,0,0,0,1,0,1,0,1,0,1,0,0,1,1,0,1,0,1,0
2023-04,0,Annuity,1,1,0,0,0,0,0,0,0,1,0,1,0,1,0,1,0,0,1,1,0,1,0,1,0
2023-04,0,Accident & Disability,0,1,0,0,0,0,0,0,0,1,0,1,0,1,0,1,0,0,1,1,0,1,1,1,0
2023-04,0,Accident & Disability,1,1,0,0,0,0,0,0,0,1,0,1,0,1,0,1,0,0,1,1,0,1,1,1,0
2023-04,0,Term Life,0,1,0,0,0,0,0,0,0,1,0,1,0,1,0,1,0,0,1,1,0,1,0,1,0
2023-04,0,Term Life,1,1,0,0,0,0,0,0,0,1,0,1,0,1,0,1,0,0,1,1,0,1,0,1,0
2023-04,0,Critical Illness,0,1,0,0,0,0,0,0,0,1,0,1,0,1,0,1,0,0,1,1,0,1,1,1,0
2023-04,0,Critical Illness,1,1,0,0,0,0,0,0,0,1,0,1,0,1,0,1,0,0,1,1,0,1,1,1,0
2023-04,1,Medical,0,1,1,0,1,0,1,0,1,1,1,1,1,1,0,1,1,0,0,1,1,1,1,1,0
2023-04,1,Medical,1,1,1,0,1,0,1,0,1,1,1,1,1,1,0,1,1,0,0,1,1,1,1,1,0
2023-04,1,Investment,0,1,1,0,1,0,1,0,1,1,0,1,1,1,1,1,1,0,0,1,1,1,0,1,1
2023-04,1,Investment,1,1,1,0,1,0,1,0,1,1,0,1,1,1,1,1,1,0,0,1,1,1,0,1,1
2023-04,1,Saving,0,1,1,0,1,0,1,0,1,1,0,1,1,1,1,1,1,0,0,1,1,1,0,1,1
2023-04,1,Saving,1,1,1,0,1,0,1,0,1,1,0,1,1,1,1,1,1,0,0,1,1,1,0,1,1
2023-04,1,Annuity,0,1,1,0,1,0,1,0,1,1,0,1,1,1,0,1,1,0,0,1,1,1,0,1,0
2023-04,1,Annuity,1,1,1,0,1,0,1,0,1,1,0,1,1,1,0,1,1,0,0,1,1,1,0,1,0
2023-04,1,Accident & Disability,0,1,1,0,1,0,1,0,1,1,0,1,1,1,0,1,1,0,0,1,1,1,1,1,0
2023-04,1,Accident & Disability,1,1,1,0,1,0,1,0,1,1,0,1,1,1,0,1,1,0,0,1,1,1,1,1,0
2023-04,1,Term Life,0,1,1,0,1,0,1,0,1,1,0,1,1,1,0,1,1,0,0,1,1,1,0,1,0
2023-04,1,Term Life,1,1,1,0,1,0,1,0,1,1,0,1,1,1,0,1,1,0,0,1,1,1,0,1,0
2023-04,1,Critical Illness,0,1,1,0,1,0,1,0,1,1,0,1,1,1,0,1,1,0,0,1,1,1,1,1,0
2023-04,1,Critical Illness,1,1,1,0,1,0,1,0,1,1,0,1,1,1,0,1,1,0,0,1,1,1,1,1,0
2023-05,0,Medical,0,1,0,0,0,0,0,0,0,1,1,1,0,1,0,1,0,0,1,1,0,1,1,1,0
2023-05,0,Medical,1,1,0,0,0,0,0,0,0,1,1,1,0,1,0,1,0,0,1,1,0,1,1,1,0
2023-05,0,Investment,0,1,0,0,0,0,0,0,0,1,0,1,0,1,1,1,0,0,1,1,0,1,0,1,0
2023-05,0,Investment,1,1,0,0,0,0,0,0,0,1,0,1,0,1,1,1,0,0,1,1,0,1,0,1,0
2023-05,0,Saving,0,1,0,0,0,0,0,0,0,1,0,1,0,1,1,1,0,0,1,1,0,1,0,1,0
2023-05,0,Saving,1,1,0,0,0,0,0,0,0,1,0,1,0,1,1,1,0,0,1,1,0,1,0,1,0
2023-05,0,Annuity,0,1,0,0,0,0,0,0,0,1,0,1,0,1,0,1,0,0,1,1,0,1,0,1,0
2023-05,0,Annuity,1,1,0,0,0,0,0,0,0,1,0,1,0,1,0,1,0,0,1,1,0,1,0,1,0
2023-05,0,Accident & Disability,0,1,0,0,0,0,0,0,0,1,0,1,0,1,0,1,0,0,1,1,0,1,1,1,0
2023-05,0,Accident & Disability,1,1,0,0,0,0,0,0,0,1,0,1,0,1,0,1,0,0,1,1,0,1,1,1,0
2023-05,0,Term Life,0,1,0,0,0,0,0,0,0,1,0,1,0,1,0,1,0,0,1,1,0,1,0,1,0
2023-05,0,Term Life,1,1,0,0,0,0,0,0,0,1,0,1,0,1,0,1,0,0,1,1,0,1,0,1,0
2023-05,0,Critical Illness,0,1,0,0,0,0,0,0,0,1,0,1,0,1,0,1,0,0,1,1,0,1,1,1,0
2023-05,0,Critical Illness,1,1,0,0,0,0,0,0,0,1,0,1,0,1,0,1,0,0,1,1,0,1,1,1,0
2023-05,1,Medical,0,1,1,0,1,0,1,0,1,1,1,1,1,1,0,1,1,0,0,1,1,1,1,1,0
2023-05,1,Medical,1,1,1,0,1,0,1,0,1,1,1,1,1,1,0,1,1,0,0,1,1,1,1,1,0
2023-05,1,Investment,0,1,1,0,1,0,1,0,1,1,0,1,1,1,1,1,1,0,0,1,1,1,0,1,1
2023-05,1,Investment,1,1,1,0,1,0,1,0,1,1,0,1,1,1,1,1,1,0,0,1,1,1,0,1,1
2023-05,1,Saving,0,1,1,0,1,0,1,0,1,1,0,1,1,1,1,1,1,0,0,1,1,1,0,1,1
2023-05,1,Saving,1,1,1,0,1,0,1,0,1,1,0,1,1,1,1,1,1,0,0,1,1,1,0,1,1
2023-05,1,Annuity,0,1,1,0,1,0,1,0,1,1,0,1,1,1,0,1,1,0,0,1,1,1,0,1,0
2023-05,1,Annuity,1,1,1,0,1,0,1,0,1,1,0,1,1,1,0,1,1,0,0,1,1,1,0,1,0
2023-05,1,Accident & Disability,0,1,1,0,1,0,1,0,1,1,0,1,1,1,0,1,1,0,0,1,1,1,1,1,0
2023-05,1,Accident & Disability,1,1,1,0,1,0,1,0,1,1,0,1,1,1,0,1,1,0,0,1,1,1,1,1,0
2023-05,1,Term Life,0,1,1,0,1,0,1,0,1,1,0,1,1,1,0,1,1,0,0,1,1,1,0,1,0
2023-05,1,Term Life,1,1,1,0,1,0,1,0,1,1,0,1,1,1,0,1,1,0,0,1,1,1,0,1,0
2023-05,1,Critical Illness,0,1,1,0,1,0,1,0,1,1,0,1,1,1,0,1,1,0,0,1,1,1,1,1,0
2023-05,1,Critical Illness,1,1,1,0,1,0,1,0,1,1,0,1,1,1,0,1,1,0,0,1,1,1,1,1,0
2023-06,0,Medical,0,1,0,0,0,0,0,0,0,1,1,1,0,1,0,1,0,0,1,1,0,1,1,1,0
2023-06,0,Medical,1,1,0,0,0,0,0,0,0,1,1,1,0,1,0,1,0,0,1,1,0,1,1,1,0
2023-06,0,Investment,0,1,0,0,0,0,0,0,0,1,0,1,0,1,1,1,0,0,1,1,0,1,0,1,0
2023-06,0,Investment,1,1,0,0,0,0,0,0,0,1,0,1,0,1,1,1,0,0,1,1,0,1,0,1,0
2023-06,0,Saving,0,1,0,0,0,0,0,0,0,1,0,1,0,1,1,1,0,0,1,1,0,1,0,1,0
2023-06,0,Saving,1,1,0,0,0,0,0,0,0,1,0,1,0,1,1,1,0,0,1,1,0,1,0,1,0
2023-06,0,Annuity,0,1,0,0,0,0,0,0,0,1,0,1,0,1,0,1,0,0,1,1,0,1,0,1,0
2023-06,0,Annuity,1,1,0,0,0,0,0,0,0,1,0,1,0,1,0,1,0,0,1,1,0,1,0,1,0
2023-06,0,Accident & Disability,0,1,0,0,0,0,0,0,0,1,0,1,0,1,0,1,0,0,1,1,0,1,1,1,0
2023-06,0,Accident & Disability,1,1,0,0,0,0,0,0,0,1,0,1,0,1,0,1,0,0,1,1,0,1,1,1,0
2023-06,0,Term Life,0,1,0,0,0,0,0,0,0,1,0,1,0,1,0,1,0,0,1,1,0,1,0,1,0
2023-06,0,Term Life,1,1,0,0,0,0,0,0,0,1,0,1,0,1,0,1,0,0,1,1,0,1,0,1,0
2023-06,0,Critical Illness,0,1,0,0,0,0,0,0,0,1,0,1,0,1,0,1,0,0,1,1,0,1,1,1,0
2023-06,0,Critical Illness,1,1,0,0,0,0,0,0,0,1,0,1,0,1,0,1,0,0,1,1,0,1,1,1,0
2023-06,1,Medical,0,1,1,0,1,0,1,0,1,1,1,1,1,1,0,1,1,0,0,1,1,1,1,1,0
2023-06,1,Medical,1,1,1,0,1,0,1,0,1,1,1,1,1,1,0,1,1,0,0,1,1,1,1,1,0
2023-06,1,Investment,0,1,1,0,1,0,1,0,1,1,0,1,1,1,1,1,1,0,0,1,1,1,0,1,1
2023-06,1,Investment,1,1,1,0,1,0,1,0,1,1,0,1,1,1,1,1,1,0,0,1,1,1,0,1,1
2023-06,1,Saving,0,1,1,0,1,0,1,0,1,1,0,1,1,1,1,1,1,0,0,1,1,1,0,1,1
2023-06,1,Saving,1,1,1,0,1,0,1,0,1,1,0,1,1,1,1,1,1,0,0,1,1,1,0,1,1
2023-06,1,Annuity,0,1,1,0,1,0,1,0,1,1,0,1,1,1,0,1,1,0,0,1,1,1,0,1,0
2023-06,1,Annuity,1,1,1,0,1,0,1,0,1,1,0,1,1,1,0,1,1,0,0,1,1,1,0,1,0
2023-06,1,Accident & Disability,0,1,1,0,1,0,1,0,1,1,0,1,1,1,0,1,1,0,0,1,1,1,1,1,0
2023-06,1,Accident & Disability,1,1,1,0,1,0,1,0,1,1,0,1,1,1,0,1,1,0,0,1,1,1,1,1,0
2023-06,1,Term Life,0,1,1,0,1,0,1,0,1,1,0,1,1,1,0,1,1,0,0,1,1,1,0,1,0
2023-06,1,Term Life,1,1,1,0,1,0,1,0,1,1,0,1,1,1,0,1,1,0,0,1,1,1,0,1,0
2023-06,1,Critical Illness,0,1,1,0,1,0,1,0,1,1,0,1,1,1,0,1,1,0,0,1,1,1,1,1,0
2023-06,1,Critical Illness,1,1,1,0,1,0,1,0,1,1,0,1,1,1,0,1,1,0,0,1,1,1,1,1,0
2023-07,0,Medical,0,1,0,0,0,0,0,0,0,1,1,1,0,1,0,1,0,0,1,1,0,1,1,1,0
2023-07,0,Medical,1,1,0,0,0,0,0,0,0,1,1,1,0,1,0,1,0,0,1,1,0,1,1,1,0
2023-07,0,Investment,0,1,0,0,0,0,0,0,0,1,0,1,0,1,1,1,0,0,1,1,0,1,0,1,0
2023-07,0,Investment,1,1,0,0,0,0,0,0,0,1,0,1,0,1,1,1,0,0,1,1,0,1,0,1,0
2023-07,0,Saving,0,1,0,0,0,0,0,0,0,1,0,1,0,1,1,1,0,0,1,1,0,1,0,1,0
2023-07,0,Saving,1,1,0,0,0,0,0,0,0,1,0,1,0,1,1,1,0,0,1,1,0,1,0,1,0
2023-07,0,Annuity,0,1,0,0,0,0,0,0,0,1,0,1,0,1,0,1,0,0,1,1,0,1,0,1,0
2023-07,0,Annuity,1,1,0,0,0,0,0,0,0,1,0,1,0,1,0,1,0,0,1,1,0,1,0,1,0
2023-07,0,Accident & Disability,0,1,0,0,0,0,0,0,0,1,0,1,0,1,0,1,0,0,1,1,0,1,1,1,0
2023-07,0,Accident & Disability,1,1,0,0,0,0,0,0,0,1,0,1,0,1,0,1,0,0,1,1,0,1,1,1,0
2023-07,0,Term Life,0,1,0,0,0,0,0,0,0,1,0,1,0,1,0,1,0,0,1,1,0,1,0,1,0
2023-07,0,Term Life,1,1,0,0,0,0,0,0,0,1,0,1,0,1,0,1,0,0,1,1,0,1,0,1,0
2023-07,0,Critical Illness,0,1,0,0,0,0,0,0,0,1,0,1,0,1,0,1,0,0,1,1,0,1,1,1,0
2023-07,0,Critical Illness,1,1,0,0,0,0,0,0,0,1,0,1,0,1,0,1,0,0,1,1,0,1,1,1,0
2023-07,1,Medical,0,1,1,0,1,0,1,0,1,1,1,1,1,1,0,1,1,0,0,1,1,1,1,1,0
2023-07,1,Medical,1,1,1,0,1,0,1,0,1,1,1,1,1,1,0,1,1,0,0,1,1,1,1,1,0
2023-07,1,Investment,0,1,1,0,1,0,1,0,1,1,0,1,1,1,1,1,1,0,0,1,1,1,0,1,1
2023-07,1,Investment,1,1,1,0,1,0,1,0,1,1,0,1,1,1,1,1,1,0,0,1,1,1,0,1,1
2023-07,1,Saving,0,1,1,0,1,0,1,0,1,1,0,1,1,1,1,1,1,0,0,1,1,1,0,1,1
2023-07,1,Saving,1,1,1,0,1,0,1,0,1,1,0,1,1,1,1,1,1,0,0,1,1,1,0,1,1
2023-07,1,Annuity,0,1,1,0,1,0,1,0,1,1,0,1,1,1,0,1,1,0,0,1,1,1,0,1,0
2023-07,1,Annuity,1,1,1,0,1,0,1,0,1,1,0,1,1,1,0,1,1,0,0,1,1,1,0,1,0
2023-07,1,Accident & Disability,0,1,1,0,1,0,1,0,1,1,0,1,1,1,0,1,1,0,0,1,1,1,1,1,0
2023-07,1,Accident & Disability,1,1,1,0,1,0,1,0,1,1,0,1,1,1,0,1,1,0,0,1,1,1,1,1,0
2023-07,1,Term Life,0,1,1,0,1,0,1,0,1,1,0,1,1,1,0,1,1,0,0,1,1,1,0,1,0
2023-07,1,Term Life,1,1,1,0,1,0,1,0,1,1,0,1,1,1,0,1,1,0,0,1,1,1,0,1,0
2023-07,1,Critical Illness,0,1,1,0,1,0,1,0,1,1,0,1,1,1,0,1,1,0,0,1,1,1,1,1,0
2023-07,1,Critical Illness,1,1,1,0,1,0,1,0,1,1,0,1,1,1,0,1,1,0,0,1,1,1,1,1,0
2023-08,0,Medical,0,1,0,0,0,0,0,0,0,1,1,1,0,1,0,1,0,0,1,1,0,1,1,1,0
2023-08,0,Medical,1,1,0,0,0,0,0,0,0,1,1,1,0,1,0,1,0,0,1,1,0,1,1,1,0
2023-08,0,Investment,0,1,0,0,0,0,0,0,0,1,0,1,0,1,1,1,0,0,1,1,0,1,0,1,0
2023-08,0,Investment,1,1,0,0,0,0,0,0,0,1,0,1,0,1,1,1,0,0,1,1,0,1,0,1,0
2023-08,0,Saving,0,1,0,0,0,0,0,0,0,1,0,1,0,1,1,1,0,0,1,1,0,1,0,1,0
2023-08,0,Saving,1,1,0,0,0,0,0,0,0,1,0,1,0,1,1,1,0,0,1,1,0,1,0,1,0
2023-08,0,Annuity,0,1,0,0,0,0,0,0,0,1,0,1,0,1,0,1,0,0,1,1,0,1,0,1,0
2023-08,0,Annuity,1,1,0,0,0,0,0,0,0,1,0,1,0,1,0,1,0,0,1,1,0,1,0,1,0
2023-08,0,Accident & Disability,0,1,0,0,0,0,0,0,0,1,0,1,0,1,0,1,0,0,1,1,0,1,1,1,0
2023-08,0,Accident & Disability,1,1,0,0,0,0,0,0,0,1,0,1,0,1,0,1,0,0,1,1,0,1,1,1,0
2023-08,0,Term Life,0,1,0,0,0,0,0,0,0,1,0,1,0,1,0,1,0,0,1,1,0,1,0,1,0
2023-08,0,Term Life,1,1,0,0,0,0,0,0,0,1,0,1,0,1,0,1,0,0,1,1,0,1,0,1,0
2023-08,0,Critical Illness,0,1,0,0,0,0,0,0,0,1,0,1,0,1,0,1,0,0,1,1,0,1,1,1,0
2023-08,0,Critical Illness,1,1,0,0,0,0,0,0,0,1,0,1,0,1,0,1,0,0,1,1,0,1,1,1,0
2023-08,1,Medical,0,1,1,0,1,0,1,0,1,1,1,1,1,1,0,1,1,0,0,1,1,1,1,1,0
2023-08,1,Medical,1,1,1,0,1,0,1,0,1,1,1,1,1,1,0,1,1,0,0,1,1,1,1,1,0
2023-08,1,Investment,0,1,1,0,1,0,1,0,1,1,0,1,1,1,1,1,1,0,0,1,1,1,0,1,1
2023-08,1,Investment,1,1,1,0,1,0,1,0,1,1,0,1,1,1,1,1,1,0,0,1,1,1,0,1,1
2023-08,1,Saving,0,1,1,0,1,0,1,0,1,1,0,1,1,1,1,1,1,0,0,1,1,1,0,1,1
2023-08,1,Saving,1,1,1,0,1,0,1,0,1,1,0,1,1,1,1,1,1,0,0,1,1,1,0,1,1
2023-08,1,Annuity,0,1,1,0,1,0,1,0,1,1,0,1,1,1,0,1,1,0,0,1,1,1,0,1,0
2023-08,1,Annuity,1,1,1,0,1,0,1,0,1,1,0,1,1,1,0,1,1,0,0,1,1,1,0,1,0
2023-08,1,Accident & Disability,0,1,1,0,1,0,1,0,1,1,0,1,1,1,0,1,1,0,0,1,1,1,1,1,0
2023-08,1,Accident & Disability,1,1,1,0,1,0,1,0,1,1,0,1,1,1,0,1,1,0,0,1,1,1,1,1,0
2023-08,1,Term Life,0,1,1,0,1,0,1,0,1,1,0,1,1,1,0,1,1,0,0,1,1,1,0,1,0
2023-08,1,Term Life,1,1,1,0,1,0,1,0,1,1,0,1,1,1,0,1,1,0,0,1,1,1,0,1,0
2023-08,1,Critical Illness,0,1,1,0,1,0,1,0,1,1,0,1,1,1,0,1,1,0,0,1,1,1,1,1,0
2023-08,1,Critical Illness,1,1,1,0,1,0,1,0,1,1,0,1,1,1,0,1,1,0,0,1,1,1,1,1,0
2023-09,0,Medical,0,1,0,0,0,0,0,1,0,1,1,1,0,1,0,1,0,1,1,1,0,1,1,1,0
2023-09,0,Medical,1,1,0,0,0,0,0,1,0,1,1,1,0,1,0,1,0,1,1,1,0,1,1,1,0
2023-09,0,Investment,0,1,0,0,0,0,0,1,0,1,0,1,0,1,1,1,0,1,1,1,0,1,0,1,0
2023-09,0,Investment,1,1,0,0,0,0,0,1,0,1,0,1,0,1,1,1,0,1,1,1,0,1,0,1,0
2023-09,0,Saving,0,1,0,0,0,0,0,1,0,1,0,1,0,1,1,1,0,1,1,1,0,1,0,1,0
2023-09,0,Saving,1,1,0,0,0,0,0,1,0,1,0,1,0,1,1,1,0,1,1,1,0,1,0,1,0
2023-09,0,Annuity,0,1,0,0,0,0,0,1,0,1,0,1,0,1,0,1,0,1,1,1,0,1,0,1,0
2023-09,0,Annuity,1,1,0,0,0,0,0,1,0,1,0,1,0,1,0,1,0,1,1,1,0,1,0,1,0
2023-09,0,Accident & Disability,0,1,0,0,0,0,0,1,0,1,0,1,0,1,0,1,0,1,1,1,0,1,1,1,0
2023-09,0,Accident & Disability,1,1,0,0,0,0,0,1,0,1,0,1,0,1,0,1,0,1,1,1,0,1,1,1,0
2023-09,0,Term Life,0,1,0,0,0,0,0,1,0,1,0,1,0,1,0,1,0,1,1,1,0,1,0,1,0
2023-09,0,Term Life,1,1,0,0,0,0,0,1,0,1,0,1,0,1,0,1,0,1,1,1,0,1,0,1,0
2023-09,0,Critical Illness,0,1,0,0,0,0,0,1,0,1,0,1,0,1,0,1,0,1,1,1,0,1,1,1,0
2023-09,0,Critical Illness,1,1,0,0,0,0,0,1,0,1,0,1,0,1,0,1,0,1,1,1,0,1,1,1,0
2023-09,1,Medical,0,1,1,0,1,0,1,1,1,1,1,1,1,1,0,1,1,1,0,1,1,1,1,1,0
2023-09,1,Medical,1,1,1,0,1,0,1,1,1,1,1,1,1,1,0,1,1,1,0,1,1,1,1,1,0
2023-09,1,Investment,0,1,1,0,1,0,1,1,1,1,0,1,1,1,1,1,1,1,0,1,1,1,0,1,1
2023-09,1,Investment,1,1,1,0,1,0,1,1,1,1,0,1,1,1,1,1,1,1,0,1,1,1,0,1,1
2023-09,1,Saving,0,1,1,0,1,0,1,1,1,1,0,1,1,1,1,1,1,1,0,1,1,1,0,1,1
2023-09,1,Saving,1,1,1,0,1,0,1,1,1,1,0,1,1,1,1,1,1,1,0,1,1,1,0,1,1
2023-09,1,Annuity,0,1,1,0,1,0,1,1,1,1,0,1,1,1,0,1,1,1,0,1,1,1,0,1,0
2023-09,1,Annuity,1,1,1,0,1,0,1,1,1,1,0,1,1,1,0,1,1,1,0,1,1,1,0,1,0
2023-09,1,Accident & Disability,0,1,1,0,1,0,1,1,1,1,0,1,1,1,0,1,1,1,0,1,1,1,1,1,0
2023-09,1,Accident & Disability,1,1,1,0,1,0,1,1,1,1,0,1,1,1,0,1,1,1,0,1,1,1,1,1,0
2023-09,1,Term Life,0,1,1,0,1,0,1,1,1,1,0,1,1,1,0,1,1,1,0,1,1,1,0,1,0
2023-09,1,Term Life,1,1,1,0,1,0,1,1,1,1,0,1,1,1,0,1,1,1,0,1,1,1,0,1,0
2023-09,1,Critical Illness,0,1,1,0,1,0,1,1,1,1,0,1,1,1,0,1,1,1,0,1,1,1,1,1,0
2023-09,1,Critical Illness,1,1,1,0,1,0,1,1,1,1,0,1,1,1,0,1,1,1,0,1,1,1,1,1,0
2023-10,0,Medical,0,1,0,0,0,1,0,1,0,1,1,1,0,1,0,1,0,1,1,1,0,1,1,1,0
2023-10,0,Medical,1,1,0,0,0,1,0,1,0,1,1,1,0,1,0,1,0,1,1,1,0,1,1,1,0
2023-10,0,Investment,0,1,0,0,0,1,0,1,0,1,0,1,0,1,1,1,0,1,1,1,0,1,0,1,0
2023-10,0,Investment,1,1,0,0,0,1,0,1,0,1,0,1,0,1,1,1,0,1,1,1,0,1,0,1,0
2023-10,0,Saving,0,1,0,0,0,1,0,1,0,1,0,1,0,1,1,1,0,1,1,1,0,1,0,1,0
2023-10,0,Saving,1,1,0,0,0,1,0,1,0,1,0,1,0,1,1,1,0,1,1,1,0,1,0,1,0
2023-10,0,Annuity,0,1,0,0,0,1,0,1,0,1,0,1,0,1,0,1,0,1,1,1,0,1,0,1,0
2023-10,0,Annuity,1,1,0,0,0,1,0,1,0,1,0,1,0,1,0,1,0,1,1,1,0,1,0,1,0
2023-10,0,Accident & Disability,0,1,0,0,0,1,0,1,0,1,0,1,0,1,0,1,0,1,1,1,0,1,1,1,0
2023-10,0,Accident & Disability,1,1,0,0,0,1,0,1,0,1,0,1,0,1,0,1,0,1,1,1,0,1,1,1,0
2023-10,0,Term Life,0,1,0,0,0,1,0,1,0,1,0,1,0,1,0,1,0,1,1,1,0,1,0,1,0
2023-10,0,Term Life,1,1,0,0,0,1,0,1,0,1,0,1,0,1,0,1,0,1,1,1,0,1,0,1,0
2023-10,0,Critical Illness,0,1,0,0,0,1,0,1,0,1,0,1,0,1,0,1,0,1,1,1,0,1,1,1,0
2023-10,0,Critical Illness,1,1,0,0,0,1,0,1,0,1,0,1,0,1,0,1,0,1,1,1,0,1,1,1,0
2023-10,1,Medical,0,1,1,0,1,1,1,1,1,1,1,1,1,1,0,1,1,1,0,1,1,1,1,1,0
2023-10,1,Medical,1,1,1,0,1,1,1,1,1,1,1,1,1,1,0,1,1,1,0,1,1,1,1,1,0
2023-10,1,Investment,0,1,1,0,1,1,1,1,1,1,0,1,1,1,1,1,1,1,0,1,1,1,0,1,1
2023-10,1,Investment,1,1,1,0,1,1,1,1,1,1,0,1,1,1,1,1,1,1,0,1,1,1,0,1,1
2023-10,1,Saving,0,1,1,0,1,1,1,1,1,1,0,1,1,1,1,1,1,1,0,1,1,1,0,1,1
2023-10,1,Saving,1,1,1,0,1,1,1,1,1,1,0,1,1,1,1,1,1,1,0,1,1,1,0,1,1
2023-10,1,Annuity,0,1,1,0,1,1,1,1,1,1,0,1,1,1,0,1,1,1,0,1,1,1,0,1,0
2023-10,1,Annuity,1,1,1,0,1,1,1,1,1,1,0,1,1,1,0,1,1,1,0,1,1,1,0,1,0
2023-10,1,Accident & Disability,0,1,1,0,1,1,1,1,1,1,0,1,1,1,0,1,1,1,0,1,1,1,1,1,0
2023-10,1,Accident & Disability,1,1,1,0,1,1,1,1,1,1,0,1,1,1,0,1,1,1,0,1,1,1,1,1,0
2023-10,1,Term Life,0,1,1,0,1,1,1,1,1,1,0,1,1,1,0,1,1,1,0,1,1,1,0,1,0
2023-10,1,Term Life,1,1,1,0,1,1,1,1,1,1,0,1,1,1,0,1,1,1,0,1,1,1,0,1,0
2023-10,1,Critical Illness,0,1,1,0,1,1,1,1,1,1,0,1,1,1,0,1,1,1,0,1,1,1,1,1,0
2023-10,1,Critical Illness,1,1,1,0,1,1,1,1,1,1,0,1,1,1,0,1,1,1,0,1,1,1,1,1,0
2023-11,0,Medical,0,1,0,0,0,1,0,1,0,1,1,1,0,1,0,1,0,1,1,1,0,1,1,1,0
2023-11,0,Medical,1,1,0,0,0,1,0,1,0,1,1,1,0,1,0,1,0,1,1,1,0,1,1,1,0
2023-11,0,Investment,0,1,0,0,0,1,0,1,0,1,0,1,0,1,1,1,0,1,1,1,0,1,0,1,0
2023-11,0,Investment,1,1,0,0,0,1,0,1,0,1,0,1,0,1,1,1,0,1,1,1,0,1,0,1,0
2023-11,0,Saving,0,1,0,0,0,1,0,1,0,1,0,1,0,1,1,1,0,1,1,1,0,1,0,1,0
2023-11,0,Saving,1,1,0,0,0,1,0,1,0,1,0,1,0,1,1,1,0,1,1,1,0,1,0,1,0
2023-11,0,Annuity,0,1,0,0,0,1,0,1,0,1,0,1,0,1,0,1,0,1,1,1,0,1,0,1,0
2023-11,0,Annuity,1,1,0,0,0,1,0,1,0,1,0,1,0,1,0,1,0,1,1,1,0,1,0,1,0
2023-11,0,Accident & Disability,0,1,0,0,0,1,0,1,0,1,0,1,0,1,0,1,0,1,1,1,0,1,1,1,0
2023-11,0,Accident & Disability,1,1,0,0,0,1,0,1,0,1,0,1,0,1,0,1,0,1,1,1,0,1,1,1,0
2023-11,0,Term Life,0,1,0,0,0,1,0,1,0,1,0,1,0,1,0,1,0,1,1,1,0,1,0,1,0
2023-11,0,Term Life,1,1,0,0,0,1,0,1,0,1,0,1,0,1,0,1,0,1,1,1,0,1,0,1,0
2023-11,0,Critical Illness,0,1,0,0,0,1,0,1,0,1,0,1,0,1,0,1,0,1,1,1,0,1,1,1,0
2023-11,0,Critical Illness,1,1,0,0,0,1,0,1,0,1,0,1,0,1,0,1,0,1,1,1,0,1,1,1,0
2023-11,1,Medical,0,1,1,0,1,1,1,1,1,1,1,1,1,1,0,1,1,1,0,1,1,1,1,1,0
2023-11,1,Medical,1,1,1,0,1,1,1,1,1,1,1,1,1,1,0,1,1,1,0,1,1,1,1,1,0
2023-11,1,Investment,0,1,1,0,1,1,1,1,1,1,0,1,1,1,1,1,1,1,0,1,1,1,0,1,1
2023-11,1,Investment,1,1,1,0,1,1,1,1,1,1,0,1,1,1,1,1,1,1,0,1,1,1,0,1,1
2023-11,1,Saving,0,1,1,0,1,1,1,1,1,1,0,1,1,1,1,1,1,1,0,1,1,1,0,1,1
2023-11,1,Saving,1,1,1,0,1,1,1,1,1,1,0,1,1,1,1,1,1,1,0,1,1,1,0,1,1
2023-11,1,Annuity,0,1,1,0,1,1,1,1,1,1,0,1,1,1,0,1,1,1,0,1,1,1,0,1,0
2023-11,1,Annuity,1,1,1,0,1,1,1,1,1,1,0,1,1,1,0,1,1,1,0,1,1,1,0,1,0
2023-11,1,Accident & Disability,0,1,1,0,1,1,1,1,1,1,0,1,1,1,0,1,1,1,0,1,1,1,1,1,0
2023-11,1,Accident & Disability,1,1,1,0,1,1,1,1,1,1,0,1,1,1,0,1,1,1,0,1,1,1,1,1,0
2023-11,1,Term Life,0,1,1,0,1,1,1,1,1,1,0,1,1,1,0,1,1,1,0,1,1,1,0,1,0
2023-11,1,Term Life,1,1,1,0,1,1,1,1,1,1,0,1,1,1,0,1,1,1,0,1,1,1,0,1,0
2023-11,1,Critical Illness,0,1,1,0,1,1,1,1,1,1,0,1,1,1,0,1,1,1,0,1,1,1,1,1,0
2023-11,1,Critical Illness,1,1,1,0,1,1,1,1,1,1,0,1,1,1,0,1,1,1,0,1,1,1,1,1,0
2023-12,0,Medical,0,1,0,1,0,1,0,1,0,1,1,1,0,1,0,1,0,1,1,1,0,1,1,1,0
2023-12,0,Medical,1,1,0,1,0,1,0,1,0,1,1,1,0,1,0,1,0,1,1,1,0,1,1,1,0
2023-12,0,Investment,0,1,0,1,0,1,0,1,0,1,0,1,0,1,1,1,0,1,1,1,0,1,0,1,0
2023-12,0,Investment,1,1,0,1,0,1,0,1,0,1,0,1,0,1,1,1,0,1,1,1,0,1,0,1,0
2023-12,0,Saving,0,1,0,1,0,1,0,1,0,1,0,1,0,1,1,1,0,1,1,1,0,1,0,1,0
2023-12,0,Saving,1,1,0,1,0,1,0,1,0,1,0,1,0,1,1,1,0,1,1,1,0,1,0,1,0
2023-12,0,Annuity,0,1,0,1,0,1,0,1,0,1,0,1,0,1,0,1,0,1,1,1,0,1,0,1,0
2023-12,0,Annuity,1,1,0,1,0,1,0,1,0,1,0,1,0,1,0,1,0,1,1,1,0,1,0,1,0
2023-12,0,Accident & Disability,0,1,0,1,0,1,0,1,0,1,0,1,0,1,0,1,0,1,1,1,0,1,1,1,0
2023-12,0,Accident & Disability,1,1,0,1,0,1,0,1,0,1,0,1,0,1,0,1,0,1,1,1,0,1,1,1,0
2023-12,0,Term Life,0,1,0,1,0,1,0,1,0,1,0,1,0,1,0,1,0,1,1,1,0,1,0,1,0
2023-12,0,Term Life,1,1,0,1,0,1,0,1,0,1,0,1,0,1,0,1,0,1,1,1,0,1,0,1,0
2023-12,0,Critical Illness,0,1,0,1,0,1,0,1,0,1,0,1,0,1,0,1,0,1,1,1,0,1,1,1,0
2023-12,0,Critical Illness,1,1,0,1,0,1,0,1,0,1,0,1,0,1,0,1,0,1,1,1,0,1,1,1,0
2023-12,1,Medical,0,1,1,1,1,1,1,1,1,1,1,1,1,1,0,1,1,1,0,1,1,1,1,1,0
2023-12,1,Medical,1,1,1,1,1,1,1,1,1,1,1,1,1,1,0,1,1,1,0,1,1,1,1,1,0
2023-12,1,Investment,0,1,1,1,1,1,1,1,1,1,0,1,1,1,1,1,1,1,0,1,1,1,0,1,1
2023-12,1,Investment,1,1,1,1,1,1,1,1,1,1,0,1,1,1,1,1,1,1,0,1,1,1,0,1,1
2023-12,1,Saving,0,1,1,1,1,1,1,1,1,1,0,1,1,1,1,1,1,1,0,1,1,1,0,1,1
2023-12,1,Saving,1,1,1,1,1,1,1,1,1,1,0,1,1,1,1,1,1,1,0,1,1,1,0,1,1
2023-12,1,Annuity,0,1,1,1,1,1,1,1,1,1,0,1,1,1,0,1,1,1,0,1,1,1,0,1,0
2023-12,1,Annuity,1,1,1,1,1,1,1,1,1,1,0,1,1,1,0,1,1,1,0,1,1,1,0,1,0
2023-12,1,Accident & Disability,0,1,1,1,1,1,1,1,1,1,0,1,1,1,0,1,1,1,0,1,1,1,1,1,0
2023-12,1,Accident & Disability,1,1,1,1,1,1,1,1,1,1,0,1,1,1,0,1,1,1,0,1,1,1,1,1,0
2023-12,1,Term Life,0,1,1,1,1,1,1,1,1,1,0,1,1,1,0,1,1,1,0,1,1,1,0,1,0
2023-12,1,Term Life,1,1,1,1,1,1,1,1,1,1,0,1,1,1,0,1,1,1,0,1,1,1,0,1,0
2023-12,1,Critical Illness,0,1,1,1,1,1,1,1,1,1,0,1,1,1,0,1,1,1,0,1,1,1,1,1,0
2023-12,1,Critical Illness,1,1,1,1,1,1,1,1,1,1,0,1,1,1,0,1,1,1,0,1,1,1,1,1,0
2024-01,0,Medical,0,1,0,1,0,1,0,1,0,1,1,1,0,1,0,1,0,1,1,1,0,1,1,1,0
2024-01,0,Medical,1,1,0,1,0,1,0,1,0,1,1,1,0,1,0,1,0,1,1,1,0,1,1,1,0
2024-01,0,Investment,0,1,0,1,0,1,0,1,0,1,0,1,0,1,1,1,0,1,1,1,0,1,0,1,0
2024-01,0,Investment,1,1,0,1,0,1,0,1,0,1,0,1,0,1,1,1,0,1,1,1,0,1,0,1,0
2024-01,0,Saving,0,1,0,1,0,1,0,1,0,1,0,1,0,1,1,1,0,1,1,1,0,1,0,1,0
2024-01,0,Saving,1,1,0,1,0,1,0,1,0,1,0,1,0,1,1,1,0,1,1,1,0,1,0,1,0
2024-01,0,Annuity,0,1,0,1,0,1,0,1,0,1,0,1,0,1,0,1,0,1,1,1,0,1,0,1,0
2024-01,0,Annuity,1,1,0,1,0,1,0,1,0,1,0,1,0,1,0,1,0,1,1,1,0,1,0,1,0
2024-01,0,Accident & Disability,0,1,0,1,0,1,0,1,0,1,0,1,0,1,0,1,0,1,1,1,0,1,1,1,0
2024-01,0,Accident & Disability,1,1,0,1,0,1,0,1,0,1,0,1,0,1,0,1,0,1,1,1,0,1,1,1,0
2024-01,0,Term Life,0,1,0,1,0,1,0,1,0,1,0,1,0,1,0,1,0,1,1,1,0,1,0,1,0
2024-01,0,Term Life,1,1,0,1,0,1,0,1,0,1,0,1,0,1,0,1,0,1,1,1,0,1,0,1,0
2024-01,0,Critical Illness,0,1,0,1,0,1,0,1,0,1,0,1,0,1,0,1,0,1,1,1,0,1,1,1,0
2024-01,0,Critical Illness,1,1,0,1,0,1,0,1,0,1,0,1,0,1,0,1,0,1,1,1,0,1,1,1,0
2024-01,1,Medical,0,1,1,1,1,1,1,1,1,1,1,1,1,1,0,1,1,1,0,1,1,1,1,1,0
2024-01,1,Medical,1,1,1,1,1,1,1,1,1,1,1,1,1,1,0,1,1,1,0,1,1,1,1,1,0
2024-01,1,Investment,0,1,1,1,1,1,1,1,1,1,0,1,1,1,1,1,1,1,0,1,1,1,0,1,1
2024-01,1,Investment,1,1,1,1,1,1,1,1,1,1,0,1,1,1,1,1,1,1,0,1,1,1,0,1,1
2024-01,1,Saving,0,1,1,1,1,1,1,1,1,1,0,1,1,1,1,1,1,1,0,1,1,1,0,1,1
2024-01,1,Saving,1,1,1,1,1,1,1,1,1,1,0,1,1,1,1,1,1,1,0,1,1,1,0,1,1
2024-01,1,Annuity,0,1,1,1,1,1,1,1,1,1,0,1,1,1,0,1,1,1,0,1,1,1,0,1,0
2024-01,1,Annuity,1,1,1,1,1,1,1,1,1,1,0,1,1,1,0,1,1,1,0,1,1,1,0,1,0
2024-01,1,Accident & Disability,0,1,1,1,1,1,1,1,1,1,0,1,1,1,0,1,1,1,0,1,1,1,1,1,0
2024-01,1,Accident & Disability,1,1,1,1,1,1,1,1,1,1,0,1,1,1,0,1,1,1,0,1,1,1,1,1,0
2024-01,1,Term Life,0,1,1,1,1,1,1,1,1,1,0,1,1,1,0,1,1,1,0,1,1,1,0,1,0
2024-01,1,Term Life,1,1,1,1,1,1,1,1,1,1,0,1,1,1,0,1,1,1,0,1,1,1,0,1,0
2024-01,1,Critical Illness,0,1,1,1,1,1,1,1,1,1,0,1,1,1,0,1,1,1,0,1,1,1,1,1,0
2024-01,1,Critical Illness,1,1,1,1,1,1,1,1,1,1,0,1,1,1,0,1,1,1,0,1,1,1,1,1,0
2024-02,0,Medical,0,1,0,1,0,1,0,1,0,1,1,1,0,1,0,1,0,1,1,1,0,1,1,1,0
2024-02,0,Medical,1,1,0,1,0,1,0,1,0,1,1,1,0,1,0,1,0,1,1,1,0,1,1,1,0
2024-02,0,Investment,0,1,0,1,0,1,0,1,0,1,0,1,0,1,1,1,0,1,1,1,0,1,0,1,0
2024-02,0,Investment,1,1,0,1,0,1,0,1,0,1,0,1,0,1,1,1,0,1,1,1,0,1,0,1,0
2024-02,0,Saving,0,1,0,1,0,1,0,1,0,1,0,1,0,1,1,1,0,1,1,1,0,1,0,1,0
2024-02,0,Saving,1,1,0,1,0,1,0,1,0,1,0,1,0,1,1,1,0,1,1,1,0,1,0,1,0
2024-02,0,Annuity,0,1,0,1,0,1,0,1,0,1,0,1,0,1,0,1,0,1,1,1,0,1,0,1,0
2024-02,0,Annuity,1,1,0,1,0,1,0,1,0,1,0,1,0,1,0,1,0,1,1,1,0,1,0,1,0
2024-02,0,Accident & Disability,0,1,0,1,0,1,0,1,0,1,0,1,0,1,0,1,0,1,1,1,0,1,1,1,0
2024-02,0,Accident & Disability,1,1,0,1,0,1,0,1,0,1,0,1,0,1,0,1,0,1,1,1,0,1,1,1,0
2024-02,0,Term Life,0,1,0,1,0,1,0,1,0,1,0,1,0,1,0,1,0,1,1,1,0,1,0,1,0
2024-02,0,Term Life,1,1,0,1,0,1,0,1,0,1,0,1,0,1,0,1,0,1,1,1,0,1,0,1,0
2024-02,0,Critical Illness,0,1,0,1,0,1,0,1,0,1,0,1,0,1,0,1,0,1,1,1,0,1,1,1,0
2024-02,0,Critical Illness,1,1,0,1,0,1,0,1,0,1,0,1,0,1,0,1,0,1,1,1,0,1,1,1,0
2024-02,1,Medical,0,1,1,1,1,1,1,1,1,1,1,1,1,1,0,1,1,1,0,1,1,1,1,1,0
2024-02,1,Medical,1,1,1,1,1,1,1,1,1,1,1,1,1,1,0,1,1,1,0,1,1,1,1,1,0
2024-02,1,Investment,0,1,1,1,1,1,1,1,1,1,0,1,1,1,1,1,1,1,0,1,1,1,0,1,1
2024-02,1,Investment,1,1,1,1,1,1,1,1,1,1,0,1,1,1,1,1,1,1,0,1,1,1,0,1,1
2024-02,1,Saving,0,1,1,1,1,1,1,1,1,1,0,1,1,1,1,1,1,1,0,1,1,1,0,1,1
2024-02,1,Saving,1,1,1,1,1,1,1,1,1,1,0,1,1,1,1,1,1,1,0,1,1,1,0,1,1
2024-02,1,Annuity,0,1,1,1,1,1,1,1,1,1,0,1,1,1,0,1,1,1,0,1,1,1,0,1,0
2024-02,1,Annuity,1,1,1,1,1,1,1,1,1,1,0,1,1,1,0,1,1,1,0,1,1,1,0,1,0
2024-02,1,Accident & Disability,0,1,1,1,1,1,1,1,1,1,0,1,1,1,0,1,1,1,0,1,1,1,1,1,0
2024-02,1,Accident & Disability,1,1,1,1,1,1,1,1,1,1,0,1,1,1,0,1,1,1,0,1,1,1,1,1,0
2024-02,1,Term Life,0,1,1,1,1,1,1,1,1,1,0,1,1,1,0,1,1,1,0,1,1,1,0,1,0
2024-02,1,Term Life,1,1,1,1,1,1,1,1,1,1,0,1,1,1,0,1,1,1,0,1,1,1,0,1,0
2024-02,1,Critical Illness,0,1,1,1,1,1,1,1,1,1,0,1,1,1,0,1,1,1,0,1,1,1,1,1,0
2024-02,1,Critical Illness,1,1,1,1,1,1,1,1,1,1,0,1,1,1,0,1,1,1,0,1,1,1,1,1,0
2024-03,0,Medical,0,1,0,1,0,1,0,1,0,1,1,1,0,1,0,1,0,1,1,1,0,1,1,1,0
2024-03,0,Medical,1,1,0,1,0,1,0,1,0,1,1,1,0,1,0,1,0,1,1,1,0,1,1,1,0
2024-03,0,Investment,0,1,0,1,0,1,0,1,0,1,0,1,0,1,1,1,0,1,1,1,0,1,0,1,0
2024-03,0,Investment,1,1,0,1,0,1,0,1,0,1,0,1,0,1,1,1,0,1,1,1,0,1,0,1,0
2024-03,0,Saving,0,1,0,1,0,1,0,1,0,1,0,1,0,1,1,1,0,1,1,1,0,1,0,1,0
2024-03,0,Saving,1,1,0,1,0,1,0,1,0,1,0,1,0,1,1,1,0,1,1,1,0,1,0,1,0
2024-03,0,Annuity,0,1,0,1,0,1,0,1,0,1,0,1,0,1,0,1,0,1,1,1,0,1,0,1,0
2024-03,0,Annuity,1,1,0,1,0,1,0,1,0,1,0,1,0,1,0,1,0,1,1,1,0,1,0,1,0
2024-03,0,Accident & Disability,0,1,0,1,0,1,0,1,0,1,0,1,0,1,0,1,0,1,1,1,0,1,1,1,0
2024-03,0,Accident & Disability,1,1,0,1,0,1,0,1,0,1,0,1,0,1,0,1,0,1,1,1,0,1,1,1,0
2024-03,0,Term Life,0,1,0,1,0,1,0,1,0,1,0,1,0,1,0,1,0,1,1,1,0,1,0,1,0
2024-03,0,Term Life,1,1,0,1,0,1,0,1,0,1,0,1,0,1,0,1,0,1,1,1,0,1,0,1,0
2024-03,0,Critical Illness,0,1,0,1,0,1,0,1,0,1,0,1,0,1,0,1,0,1,1,1,0,1,1,1,0
2024-03,0,Critical Illness,1,1,0,1,0,1,0,1,0,1,0,1,0,1,0,1,0,1,1,1,0,1,1,1,0
2024-03,1,Medical,0,1,1,1,1,1,1,1,1,1,1,1,1,1,0,1,1,1,0,1,1,1,1,1,0
2024-03,1,Medical,1,1,1,1,1,1,1,1,1,1,1,1,1,1,0,1,1,1,0,1,1,1,1,1,0
2024-03,1,Investment,0,1,1,1,1,1,1,1,1,1,0,1,1,1,1,1,1,1,0,1,1,1,0,1,1
2024-03,1,Investment,1,1,1,1,1,1,1,1,1,1,0,1,1,1,1,1,1,1,0,1,1,1,0,1,1
2024-03,1,Saving,0,1,1,1,1,1,1,1,1,1,0,1,1,1,1,1,1,1,0,1,1,1,0,1,1
2024-03,1,Saving,1,1,1,1,1,1,1,1,1,1,0,1,1,1,1,1,1,1,0,1,1,1,0,1,1
2024-03,1,Annuity,0,1,1,1,1,1,1,1,1,1,0,1,1,1,0,1,1,1,0,1,1,1,0,1,0
2024-03,1,Annuity,1,1,1,1,1,1,1,1,1,1,0,1,1,1,0,1,1,1,0,1,1,1,0,1,0
2024-03,1,Accident & Disability,0,1,1,1,1,1,1,1,1,1,0,1,1,1,0,1,1,1,0,1,1,1,1,1,0
2024-03,1,Accident & Disability,1,1,1,1,1,1,1,1,1,1,0,1,1,1,0,1,1,1,0,1,1,1,1,1,0
2024-03,1,Term Life,0,1,1,1,1,1,1,1,1,1,0,1,1,1,0,1,1,1,0,1,1,1,0,1,0
2024-03,1,Term Life,1,1,1,1,1,1,1,1,1,1,0,1,1,1,0,1,1,1,0,1,1,1,0,1,0
2024-03,1,Critical Illness,0,1,1,1,1,1,1,1,1,1,0,1,1,1,0,1,1,1,0,1,1,1,1,1,0
2024-03,1,Critical Illness,1,1,1,1,1,1,1,1,1,1,0,1,1,1,0,1,1,1,0,1,1,1,1,1,0
2024-04,0,Medical,0,1,0,1,0,1,0,1,0,1,1,1,0,1,0,1,0,1,1,1,0,1,1,1,0
2024-04,0,Medical,1,1,0,1,0,1,0,1,0,1,1,1,0,1,0,1,0,1,1,1,0,1,1,1,0
2024-04,0,Investment,0,1,0,1,0,1,0,1,0,1,0,1,0,1,1,1,0,1,1,1,0,1,0,1,0
2024-04,0,Investment,1,1,0,1,0,1,0,1,0,1,0,1,0,1,1,1,0,1,1,1,0,1,0,1,0
2024-04,0,Saving,0,1,0,1,0,1,0,1,0,1,0,1,0,1,1,1,0,1,1,1,0,1,0,1,0
2024-04,0,Saving,1,1,0,1,0,1,0,1,0,1,0,1,0,1,1,1,0,1,1,1,0,1,0,1,0
2024-04,0,Annuity,0,1,0,1,0,1,0,1,0,1,0,1,0,1,0,1,0,1,1,1,0,1,0,1,0
2024-04,0,Annuity,1,1,0,1,0,1,0,1,0,1,0,1,0,1,0,1,0,1,1,1,0,1,0,1,0
2024-04,0,Accident & Disability,0,1,0,1,0,1,0,1,0,1,0,1,0,1,0,1,0,1,1,1,0,1,1,1,0
2024-04,0,Accident & Disability,1,1,0,1,0,1,0,1,0,1,0,1,0,1,0,1,0,1,1,1,0,1,1,1,0
2024-04,0,Term Life,0,1,0,1,0,1,0,1,0,1,0,1,0,1,0,1,0,1,1,1,0,1,0,1,0
2024-04,0,Term Life,1,1,0,1,0,1,0,1,0,1,0,1,0,1,0,1,0,1,1,1,0,1,0,1,0
2024-04,0,Critical Illness,0,1,0,1,0,1,0,1,0,1,0,1,0,1,0,1,0,1,1,1,0,1,1,1,0
2024-04,0,Critical Illness,1,1,0,1,0,1,0,1,0,1,0,1,0,1,0,1,0,1,1,1,0,1,1,1,0
2024-04,1,Medical,0,1,1,1,1,1,1,1,1,1,1,1,1,1,0,1,1,1,0,1,1,1,1,1,0
2024-04,1,Medical,1,1,1,1,1,1,1,1,1,1,1,1,1,1,0,1,1,1,0,1,1,1,1,1,0
2024-04,1,Investment,0,1,1,1,1,1,1,1,1,1,0,1,1,1,1,1,1,1,0,1,1,1,0,1,1
2024-04,1,Investment,1,1,1,1,1,1,1,1,1,1,0,1,1,1,1,1,1,1,0,1,1,1,0,1,1
2024-04,1,Saving,0,1,1,1,1,1,1,1,1,1,0,1,1,1,1,1,1,1,0,1,1,1,0,1,1
2024-04,1,Saving,1,1,1,1,1,1,1,1,1,1,0,1,1,1,1,1,1,1,0,1,1,1,0,1,1
2024-04,1,Annuity,0,1,1,1,1,1,1,1,1,1,0,1,1,1,0,1,1,1,0,1,1,1,0,1,0
2024-04,1,Annuity,1,1,1,1,1,1,1,1,1,1,0,1,1,1,0,1,1,1,0,1,1,1,0,1,0
2024-04,1,Accident & Disability,0,1,1,1,1,1,1,1,1,1,0,1,1,1,0,1,1,1,0,1,1,1,1,1,0
2024-04,1,Accident & Disability,1,1,1,1,1,1,1,1,1,1,0,1,1,1,0,1,1,1,0,1,1,1,1,1,0
2024-04,1,Term Life,0,1,1,1,1,1,1,1,1,1,0,1,1,1,0,1,1,1,0,1,1,1,0,1,0
2024-04,1,Term Life,1,1,1,1,1,1,1,1,1,1,0,1,1,1,0,1,1,1,0,1,1,1,0,1,0
2024-04,1,Critical Illness,0,1,1,1,1,1,1,1,1,1,0,1,1,1,0,1,1,1,0,1,1,1,1,1,0
2024-04,1,Critical Illness,1,1,1,1,1,1,1,1,1,1,0,1,1,1,0,1,1,1,0,1,1,1,1,1,0
2024-05,0,Medical,0,1,0,1,0,1,0,1,0,1,1,1,0,1,0,1,0,1,1,1,0,1,1,1,0
2024-05,0,Medical,1,1,0,1,0,1,0,1,0,1,1,1,0,1,0,1,0,1,1,1,0,1,1,1,0
2024-05,0,Investment,0,1,0,1,0,1,0,1,0,1,0,1,0,1,1,1,0,1,1,1,0,1,0,1,0
2024-05,0,Investment,1,1,0,1,0,1,0,1,0,1,0,1,0,1,1,1,0,1,1,1,0,1,0,1,0
2024-05,0,Saving,0,1,0,1,0,1,0,1,0,1,0,1,0,1,1,1,0,1,1,1,0,1,0,1,0
2024-05,0,Saving,1,1,0,1,0,1,0,1,0,1,0,1,0,1,1,1,0,1,1,1,0,1,0,1,0
2024-05,0,Annuity,0,1,0,1,0,1,0,1,0,1,0,1,0,1,0,1,0,1,1,1,0,1,0,1,0
2024-05,0,Annuity,1,1,0,1,0,1,0,1,0,1,0,1,0,1,0,1,0,1,1,1,0,1,0,1,0
2024-05,0,Accident & Disability,0,1,0,1,0,1,0,1,0,1,0,1,0,1,0,1,0,1,1,1,0,1,1,1,0
2024-05,0,Accident & Disability,1,1,0,1,0,1,0,1,0,1,0,1,0,1,0,1,0,1,1,1,0,1,1,1,0
2024-05,0,Term Life,0,1,0,1,0,1,0,1,0,1,0,1,0,1,0,1,0,1,1,1,0,1,0,1,0
2024-05,0,Term Life,1,1,0,1,0,1,0,1,0,1,0,1,0,1,0,1,0,1,1,1,0,1,0,1,0
2024-05,0,Critical Illness,0,1,0,1,0,1,0,1,0,1,0,1,0,1,0,1,0,1,1,1,0,1,1,1,0
2024-05,0,Critical Illness,1,1,0,1,0,1,0,1,0,1,0,1,0,1,0,1,0,1,1,1,0,1,1,1,0
2024-05,1,Medical,0,1,1,1,1,1,1,1,1,1,1,1,1,1,0,1,1,1,0,1,1,1,1,1,0
2024-05,1,Medical,1,1,1,1,1,1,1,1,1,1,1,1,1,1,0,1,1,1,0,1,1,1,1,1,0
2024-05,1,Investment,0,1,1,1,1,1,1,1,1,1,0,1,1,1,1,1,1,1,0,1,1,1,0,1,1
2024-05,1,Investment,1,1,1,1,1,1,1,1,1,1,0,1,1,1,1,1,1,1,0,1,1,1,0,1,1
2024-05,1,Saving,0,1,1,1,1,1,1,1,1,1,0,1,1,1,1,1,1,1,0,1,1,1,0,1,1
2024-05,1,Saving,1,1,1,1,1,1,1,1,1,1,0,1,1,1,1,1,1,1,0,1,1,1,0,1,1
2024-05,1,Annuity,0,1,1,1,1,1,1,1,1,1,0,1,1,1,0,1,1,1,0,1,1,1,0,1,0
2024-05,1,Annuity,1,1,1,1,1,1,1,1,1,1,0,1,1,1,0,1,1,1,0,1,1,1,0,1,0
2024-05,1,Accident & Disability,0,1,1,1,1,1,1,1,1,1,0,1,1,1,0,1,1,1,0,1,1,1,1,1,0
2024-05,1,Accident & Disability,1,1,1,1,1,1,1,1,1,1,0,1,1,1,0,1,1,1,0,1,1,1,1,1,0
2024-05,1,Term Life,0,1,1,1,1,1,1,1,1,1,0,1,1,1,0,1,1,1,0,1,1,1,0,1,0
2024-05,1,Term Life,1,1,1,1,1,1,1,1,1,1,0,1,1,1,0,1,1,1,0,1,1,1,0,1,0
2024-05,1,Critical Illness,0,1,1,1,1,1,1,1,1,1,0,1,1,1,0,1,1,1,0,1,1,1,1,1,0
2024-05,1,Critical Illness,1,1,1,1,1,1,1,1,1,1,0,1,1,1,0,1,1,1,0,1,1,1,1,1,0
2024-06,0,Medical,0,1,0,1,0,1,0,1,0,1,1,1,0,1,0,1,0,1,1,1,0,1,1,1,0
2024-06,0,Medical,1,1,0,1,0,1,0,1,0,1,1,1,0,1,0,1,0,1,1,1,0,1,1,1,0
2024-06,0,Investment,0,1,0,1,0,1,0,1,0,1,0,1,0,1,1,1,0,1,1,1,0,1,0,1,0
2024-06,0,Investment,1,1,0,1,0,1,0,1,0,1,0,1,0,1,1,1,0,1,1,1,0,1,0,1,0
2024-06,0,Saving,0,1,0,1,0,1,0,1,0,1,0,1,0,1,1,1,0,1,1,1,0,1,0,1,0
2024-06,0,Saving,1,1,0,1,0,1,0,1,0,1,0,1,0,1,1,1,0,1,1,1,0,1,0,1,0
2024-06,0,Annuity,0,1,0,1,0,1,0,1,0,1,0,1,0,1,0,1,0,1,1,1,0,1,0,1,0
2024-06,0,Annuity,1,1,0,1,0,1,0,1,0,1,0,1,0,1,0,1,0,1,1,1,0,1,0,1,0
2024-06,0,Accident & Disability,0,1,0,1,0,1,0,1,0,1,0,1,0,1,0,1,0,1,1,1,0,1,1,1,0
2024-06,0,Accident & Disability,1,1,0,1,0,1,0,1,0,1,0,1,0,1,0,1,0,1,1,1,0,1,1,1,0
2024-06,0,Term Life,0,1,0,1,0,1,0,1,0,1,0,1,0,1,0,1,0,1,1,1,0,1,0,1,0
2024-06,0,Term Life,1,1,0,1,0,1,0,1,0,1,0,1,0,1,0,1,0,1,1,1,0,1,0,1,0
2024-06,0,Critical Illness,0,1,0,1,0,1,0,1,0,1,0,1,0,1,0,1,0,1,1,1,0,1,1,1,0
2024-06,0,Critical Illness,1,1,0,1,0,1,0,1,0,1,0,1,0,1,0,1,0,1,1,1,0,1,1,1,0
2024-06,1,Medical,0,1,1,1,1,1,1,1,1,1,1,1,1,1,0,1,1,1,0,1,1,1,1,1,0
2024-06,1,Medical,1,1,1,1,1,1,1,1,1,1,1,1,1,1,0,1,1,1,0,1,1,1,1,1,0
2024-06,1,Investment,0,1,1,1,1,1,1,1,1,1,0,1,1,1,1,1,1,1,0,1,1,1,0,1,1
2024-06,1,Investment,1,1,1,1,1,1,1,1,1,1,0,1,1,1,1,1,1,1,0,1,1,1,0,1,1
2024-06,1,Saving,0,1,1,1,1,1,1,1,1,1,0,1,1,1,1,1,1,1,0,1,1,1,0,1,1
2024-06,1,Saving,1,1,1,1,1,1,1,1,1,1,0,1,1,1,1,1,1,1,0,1,1,1,0,1,1
2024-06,1,Annuity,0,1,1,1,1,1,1,1,1,1,0,1,1,1,0,1,1,1,0,1,1,1,0,1,0
2024-06,1,Annuity,1,1,1,1,1,1,1,1,1,1,0,1,1,1,0,1,1,1,0,1,1,1,0,1,0
2024-06,1,Accident & Disability,0,1,1,1,1,1,1,1,1,1,0,1,1,1,0,1,1,1,0,1,1,1,1,1,0
2024-06,1,Accident & Disability,1,1,1,1,1,1,1,1,1,1,0,1,1,1,0,1,1,1,0,1,1,1,1,1,0
2024-06,1,Term Life,0,1,1,1,1,1,1,1,1,1,0,1,1,1,0,1,1,1,0,1,1,1,0,1,0
2024-06,1,Term Life,1,1,1,1,1,1,1,1,1,1,0,1,1,1,0,1,1,1,0,1,1,1,0,1,0
2024-06,1,Critical Illness,0,1,1,1,1,1,1,1,1,1,0,1,1,1,0,1,1,1,0,1,1,1,1,1,0
2024-06,1,Critical Illness,1,1,1,1,1,1,1,1,1,1,0,1,1,1,0,1,1,1,0,1,1,1,1,1,0
2024-07,0,Medical,0,1,0,1,0,1,0,1,0,1,1,1,0,1,0,1,0,1,1,1,0,1,1,1,0
2024-07,0,Medical,1,1,0,1,0,1,0,1,0,1,1,1,0,1,0,1,0,1,1,1,0,1,1,1,0
2024-07,0,Investment,0,1,0,1,0,1,0,1,0,1,0,1,0,1,1,1,0,1,1,1,0,1,0,1,0
2024-07,0,Investment,1,1,0,1,0,1,0,1,0,1,0,1,0,1,1,1,0,1,1,1,0,1,0,1,0
2024-07,0,Saving,0,1,0,1,0,1,0,1,0,1,0,1,0,1,1,1,0,1,1,1,0,1,0,1,0
2024-07,0,Saving,1,1,0,1,0,1,0,1,0,1,0,1,0,1,1,1,0,1,1,1,0,1,0,1,0
2024-07,0,Annuity,0,1,0,1,0,1,0,1,0,1,0,1,0,1,0,1,0,1,1,1,0,1,0,1,0
2024-07,0,Annuity,1,1,0,1,0,1,0,1,0,1,0,1,0,1,0,1,0,1,1,1,0,1,0,1,0
2024-07,0,Accident & Disability,0,1,0,1,0,1,0,1,0,1,0,1,0,1,0,1,0,1,1,1,0,1,1,1,0
2024-07,0,Accident & Disability,1,1,0,1,0,1,0,1,0,1,0,1,0,1,0,1,0,1,1,1,0,1,1,1,0
2024-07,0,Term Life,0,1,0,1,0,1,0,1,0,1,0,1,0,1,0,1,0,1,1,1,0,1,0,1,0
2024-07,0,Term Life,1,1,0,1,0,1,0,1,0,1,0,1,0,1,0,1,0,1,1,1,0,1,0,1,0
2024-07,0,Critical Illness,0,1,0,1,0,1,0,1,0,1,0,1,0,1,0,1,0,1,1,1,0,1,1,1,0
2024-07,0,Critical Illness,1,1,0,1,0,1,0,1,0,1,0,1,0,1,0,1,0,1,1,1,0,1,1,1,0
2024-07,1,Medical,0,1,1,1,1,1,1,1,1,1,1,1,1,1,0,1,1,1,0,1,1,1,1,1,0
2024-07,1,Medical,1,1,1,1,1,1,1,1,1,1,1,1,1,1,0,1,1,1,0,1,1,1,1,1,0
2024-07,1,Investment,0,1,1,1,1,1,1,1,1,1,0,1,1,1,1,1,1,1,0,1,1,1,0,1,1
2024-07,1,Investment,1,1,1,1,1,1,1,1,1,1,0,1,1,1,1,1,1,1,0,1,1,1,0,1,1
2024-07,1,Saving,0,1,1,1,1,1,1,1,1,1,0,1,1,1,1,1,1,1,0,1,1,1,0,1,1
2024-07,1,Saving,1,1,1,1,1,1,1,1,1,1,0,1,1,1,1,1,1,1,0,1,1,1,0,1,1
2024-07,1,Annuity,0,1,1,1,1,1,1,1,1,1,0,1,1,1,0,1,1,1,0,1,1,1,0,1,0
2024-07,1,Annuity,1,1,1,1,1,1,1,1,1,1,0,1,1,1,0,1,1,1,0,1,1,1,0,1,0
2024-07,1,Accident & Disability,0,1,1,1,1,1,1,1,1,1,0,1,1,1,0,1,1,1,0,1,1,1,1,1,0
2024-07,1,Accident & Disability,1,1,1,1,1,1,1,1,1,1,0,1,1,1,0,1,1,1,0,1,1,1,1,1,0
2024-07,1,Term Life,0,1,1,1,1,1,1,1,1,1,0,1,1,1,0,1,1,1,0,1,1,1,0,1,0
2024-07,1,Term Life,1,1,1,1,1,1,1,1,1,1,0,1,1,1,0,1,1,1,0,1,1,1,0,1,0
2024-07,1,Critical Illness,0,1,1,1,1,1,1,1,1,1,0,1,1,1,0,1,1,1,0,1,1,1,1,1,0
2024-07,1,Critical Illness,1,1,1,1,1,1,1,1,1,1,0,1,1,1,0,1,1,1,0,1,1,1,1,1,0
2024-08,0,Medical,0,1,0,1,0,1,0,1,0,1,1,1,0,1,0,1,0,1,1,1,0,1,1,1,0
2024-08,0,Medical,1,1,0,1,0,1,0,1,0,1,1,1,0,1,0,1,0,1,1,1,0,1,1,1,0
2024-08,0,Investment,0,1,0,1,0,1,0,1,0,1,0,1,0,1,1,1,0,1,1,1,0,1,0,1,0
2024-08,0,Investment,1,1,0,1,0,1,0,1,0,1,0,1,0,1,1,1,0,1,1,1,0,1,0,1,0
2024-08,0,Saving,0,1,0,1,0,1,0,1,0,1,0,1,0,1,1,1,0,1,1,1,0,1,0,1,0
2024-08,0,Saving,1,1,0,1,0,1,0,1,0,1,0,1,0,1,1,1,0,1,1,1,0,1,0,1,0
2024-08,0,Annuity,0,1,0,1,0,1,0,1,0,1,0,1,0,1,0,1,0,1,1,1,0,1,0,1,0
2024-08,0,Annuity,1,1,0,1,0,1,0,1,0,1,0,1,0,1,0,1,0,1,1,1,0,1,0,1,0
2024-08,0,Accident & Disability,0,1,0,1,0,1,0,1,0,1,0,1,0,1,0,1,0,1,1,1,0,1,1,1,0
2024-08,0,Accident & Disability,1,1,0,1,0,1,0,1,0,1,0,1,0,1,0,1,0,1,1,1,0,1,1,1,0
2024-08,0,Term Life,0,1,0,1,0,1,0,1,0,1,0,1,0,1,0,1,0,1,1,1,0,1,0,1,0
2024-08,0,Term Life,1,1,0,1,0,1,0,1,0,1,0,1,0,1,0,1,0,1,1,1,0,1,0,1,0
2024-08,0,Critical Illness,0,1,0,1,0,1,0,1,0,1,0,1,0,1,0,1,0,1,1,1,0,1,1,1,0
2024-08,0,Critical Illness,1,1,0,1,0,1,0,1,0,1,0,1,0,1,0,1,0,1,1,1,0,1,1,1,0
2024-08,1,Medical,0,1,1,1,1,1,1,1,1,1,1,1,1,1,0,1,1,1,0,1,1,1,1,1,0
2024-08,1,Medical,1,1,1,1,1,1,1,1,1,1,1,1,1,1,0,1,1,1,0,1,1,1,1,1,0
2024-08,1,Investment,0,1,1,1,1,1,1,1,1,1,0,1,1,1,1,1,1,1,0,1,1,1,0,1,1
2024-08,1,Investment,1,1,1,1,1,1,1,1,1,1,0,1,1,1,1,1,1,1,0,1,1,1,0,1,1
2024-08,1,Saving,0,1,1,1,1,1,1,1,1,1,0,1,1,1,1,1,1,1,0,1,1,1,0,1,1
2024-08,1,Saving,1,1,1,1,1,1,1,1,1,1,0,1,1,1,1,1,1,1,0,1,1,1,0,1,1
2024-08,1,Annuity,0,1,1,1,1,1,1,1,1,1,0,1,1,1,0,1,1,1,0,1,1,1,0,1,0
2024-08,1,Annuity,1,1,1,1,1,1,1,1,1,1,0,1,1,1,0,1,1,1,0,1,1,1,0,1,0
2024-08,1,Accident & Disability,0,1,1,1,1,1,1,1,1,1,0,1,1,1,0,1,1,1,0,1,1,1,1,1,0
2024-08,1,Accident & Disability,1,1,1,1,1,1,1,1,1,1,0,1,1,1,0,1,1,1,0,1,1,1,1,1,0
2024-08,1,Term Life,0,1,1,1,1,1,1,1,1,1,0,1,1,1,0,1,1,1,0,1,1,1,0,1,0
2024-08,1,Term Life,1,1,1,1,1,1,1,1,1,1,0,1,1,1,0,1,1,1,0,1,1,1,0,1,0
2024-08,1,Critical Illness,0,1,1,1,1,1,1,1,1,1,0,1,1,1,0,1,1,1,0,1,1,1,1,1,0
2024-08,1,Critical Illness,1,1,1,1,1,1,1,1,1,1,0,1,1,1,0,1,1,1,0,1,1,1,1,1,0
2024-09,0,Medical,0,1,0,1,0,1,0,1,0,1,1,1,0,1,0,1,0,1,1,1,0,1,1,1,0
2024-09,0,Medical,1,1,0,1,0,1,0,1,0,1,1,1,0,1,0,1,0,1,1,1,0,1,1,1,0
2024-09,0,Investment,0,1,0,1,0,1,0,1,0,1,0,1,0,1,1,1,0,1,1,1,0,1,0,1,0
2024-09,0,Investment,1,1,0,1,0,1,0,1,0,1,0,1,0,1,1,1,0,1,1,1,0,1,0,1,0
2024-09,0,Saving,0,1,0,1,0,1,0,1,0,1,0,1,0,1,1,1,0,1,1,1,0,1,0,1,0
2024-09,0,Saving,1,1,0,1,0,1,0,1,0,1,0,1,0,1,1,1,0,1,1,1,0,1,0,1,0
2024-09,0,Annuity,0,1,0,1,0,1,0,1,0,1,0,1,0,1,0,1,0,1,1,1,0,1,0,1,0
2024-09,0,Annuity,1,1,0,1,0,1,0,1,0,1,0,1,0,1,0,1,0,1,1,1,0,1,0,1,0
2024-09,0,Accident & Disability,0,1,0,1,0,1,0,1,0,1,0,1,0,1,0,1,0,1,1,1,0,1,1,1,0
2024-09,0,Accident & Disability,1,1,0,1,0,1,0,1,0,1,0,1,0,1,0,1,0,1,1,1,0,1,1,1,0
2024-09,0,Term Life,0,1,0,1,0,1,0,1,0,1,0,1,0,1,0,1,0,1,1,1,0,1,0,1,0
2024-09,0,Term Life,1,1,0,1,0,1,0,1,0,1,0,1,0,1,0,1,0,1,1,1,0,1,0,1,0
2024-09,0,Critical Illness,0,1,0,1,0,1,0,1,0,1,0,1,0,1,0,1,0,1,1,1,0,1,1,1,0
2024-09,0,Critical Illness,1,1,0,1,0,1,0,1,0,1,0,1,0,1,0,1,0,1,1,1,0,1,1,1,0
2024-09,1,Medical,0,1,1,1,1,1,1,1,1,1,1,1,1,1,0,1,1,1,0,1,1,1,1,1,0
2024-09,1,Medical,1,1,1,1,1,1,1,1,1,1,1,1,1,1,0,1,1,1,0,1,1,1,1,1,0
2024-09,1,Investment,0,1,1,1,1,1,1,1,1,1,0,1,1,1,1,1,1,1,0,1,1,1,0,1,1
2024-09,1,Investment,1,1,1,1,1,1,1,1,1,1,0,1,1,1,1,1,1,1,0,1,1,1,0,1,1
2024-09,1,Saving,0,1,1,1,1,1,1,1,1,1,0,1,1,1,1,1,1,1,0,1,1,1,0,1,1
2024-09,1,Saving,1,1,1,1,1,1,1,1,1,1,0,1,1,1,1,1,1,1,0,1,1,1,0,1,1
2024-09,1,Annuity,0,1,1,1,1,1,1,1,1,1,0,1,1,1,0,1,1,1,0,1,1,1,0,1,0
2024-09,1,Annuity,1,1,1,1,1,1,1,1,1,1,0,1,1,1,0,1,1,1,0,1,1,1,0,1,0
2024-09,1,Accident & Disability,0,1,1,1,1,1,1,1,1,1,0,1,1,1,0,1,1,1,0,1,1,1,1,1,0
2024-09,1,Accident & Disability,1,1,1,1,1,1,1,1,1,1,0,1,1,1,0,1,1,1,0,1,1,1,1,1,0
2024-09,1,Term Life,0,1,1,1,1,1,1,1,1,1,0,1,1,1,0,1,1,1,0,1,1,1,0,1,0
2024-09,1,Term Life,1,1,1,1,1,1,1,1,1,1,0,1,1,1,0,1,1,1,0,1,1,1,0,1,0
2024-09,1,Critical Illness,0,1,1,1,1,1,1,1,1,1,0,1,1,1,0,1,1,1,0,1,1,1,1,1,0
2024-09,1,Critical Illness,1,1,1,1,1,1,1,1,1,1,0,1,1,1,0,1,1,1,0,1,1,1,1,1,0
2024-10,0,Medical,0,1,0,1,0,1,0,1,0,1,1,1,0,1,0,1,0,1,1,1,0,1,1,1,0
2024-10,0,Medical,1,1,0,1,0,1,0,1,0,1,1,1,0,1,0,1,0,1,1,1,0,1,1,1,0
2024-10,0,Investment,0,1,0,1,0,1,0,1,0,1,0,1,0,1,1,1,0,1,1,1,0,1,0,1,0
2024-10,0,Investment,1,1,0,1,0,1,0,1,0,1,0,1,0,1,1,1,0,1,1,1,0,1,0,1,0
2024-10,0,Saving,0,1,0,1,0,1,0,1,0,1,0,1,0,1,1,1,0,1,1,1,0,1,0,1,0
2024-10,0,Saving,1,1,0,1,0,1,0,1,0,1,0,1,0,1,1,1,0,1,1,1,0,1,0,1,0
2024-10,0,Annuity,0,1,0,1,0,1,0,1,0,1,0,1,0,1,0,1,0,1,1,1,0,1,0,1,0
2024-10,0,Annuity,1,1,0,1,0,1,0,1,0,1,0,1,0,1,0,1,0,1,1,1,0,1,0,1,0
2024-10,0,Accident & Disability,0,1,0,1,0,1,0,1,0,1,0,1,0,1,0,1,0,1,1,1,0,1,1,1,0
2024-10,0,Accident & Disability,1,1,0,1,0,1,0,1,0,1,0,1,0,1,0,1,0,1,1,1,0,1,1,1,0
2024-10,0,Term Life,0,1,0,1,0,1,0,1,0,1,0,1,0,1,0,1,0,1,1,1,0,1,0,1,0
2024-10,0,Term Life,1,1,0,1,0,1,0,1,0,1,0,1,0,1,0,1,0,1,1,1,0,1,0,1,0
2024-10,0,Critical Illness,0,1,0,1,0,1,0,1,0,1,0,1,0,1,0,1,0,1,1,1,0,1,1,1,0
2024-10,0,Critical Illness,1,1,0,1,0,1,0,1,0,1,0,1,0,1,0,1,0,1,1,1,0,1,1,1,0
2024-10,1,Medical,0,1,1,1,1,1,1,1,1,1,1,1,1,1,0,1,1,1,0,1,1,1,1,1,0
2024-10,1,Medical,1,1,1,1,1,1,1,1,1,1,1,1,1,1,0,1,1,1,0,1,1,1,1,1,0
2024-10,1,Investment,0,1,1,1,1,1,1,1,1,1,0,1,1,1,1,1,1,1,0,1,1,1,0,1,1
2024-10,1,Investment,1,1,1,1,1,1,1,1,1,1,0,1,1,1,1,1,1,1,0,1,1,1,0,1,1
2024-10,1,Saving,0,1,1,1,1,1,1,1,1,1,0,1,1,1,1,1,1,1,0,1,1,1,0,1,1
2024-10,1,Saving,1,1,1,1,1,1,1,1,1,1,0,1,1,1,1,1,1,1,0,1,1,1,0,1,1
2024-10,1,Annuity,0,1,1,1,1,1,1,1,1,1,0,1,1,1,0,1,1,1,0,1,1,1,0,1,0
2024-10,1,Annuity,1,1,1,1,1,1,1,1,1,1,0,1,1,1,0,1,1,1,0,1,1,1,0,1,0
2024-10,1,Accident & Disability,0,1,1,1,1,1,1,1,1,1,0,1,1,1,0,1,1,1,0,1,1,1,1,1,0
2024-10,1,Accident & Disability,1,1,1,1,1,1,1,1,1,1,0,1,1,1,0,1,1,1,0,1,1,1,1,1,0
2024-10,1,Term Life,0,1,1,1,1,1,1,1,1,1,0,1,1,1,0,1,1,1,0,1,1,1,0,1,0
2024-10,1,Term Life,1,1,1,1,1,1,1,1,1,1,0,1,1,1,0,1,1,1,0,1,1,1,0,1,0
2024-10,1,Critical Illness,0,1,1,1,1,1,1,1,1,1,0,1,1,1,0,1,1,1,0,1,1,1,1,1,0
2024-10,1,Critical Illness,1,1,1,1,1,1,1,1,1,1,0,1,1,1,0,1,1,1,0,1,1,1,1,1,0
