event,affected_time_period,impact_level,sentiment,reasoning,from,to,event_number
Prudential's shift to focus on Asian markets and the demerger of its US unit may intensify competition in the Hong Kong insurance market.,2021-01-28 to 2022-01-28,Medium,Negative,"Prudential's strategic pivot towards Asian markets, coupled with the shedding of its less profitable US business, could lead to increased competition in Hong Kong. This may attract policyholders and agents to Prudential's offerings, negatively impacting FWD Insurance's sales through the tied agency channel.",2021-01-28,2022-01-28,1
Prudential's demerger of its US business and equity raising in Hong Kong,2021-01-28 to 2021-06-30,Medium,Negative,"Prudential's strategic shift to focus more on Asia, along with its equity raising efforts, may enhance its competitiveness in the Hong Kong market, potentially drawing customers away from FWD Insurance and other competitors. This could negatively affect FWD's VNB as Prudential strengthens its foothold in the region.",2021-01-28,2021-06-30,2
Prudential's shift to video sales and impact of pandemic on insurance sales,2021-03-03 to 2021-09-30,Medium,Negative,"Prudential's significant drop in new business profits in Hong Kong (62% year-on-year) due to border closures and pandemic effects suggests a challenging environment for FWD Insurance's tied agency channel. The shift to video sales may benefit digital engagement, but the overall sales decline indicates negative market conditions.",2021-03-03,2021-09-30,3
"Prudential plans to raise $3bn in equity to enhance growth opportunities in Asia, including Hong Kong.",2021-03-05 to 2021-06-30,High,Negative,"Prudential's significant equity raise and focus on enhancing their growth in Asia, which includes the Hong Kong market, may lead to increased competition for FWD Insurance. With Prudential's strong performance and new product launches, they could attract more agents and clients, negatively impacting FWD's tied agency channel sales.",2021-03-05,2021-06-30,4
AIA Group nearing a deal to buy the life insurance unit of Bank of East Asia,2021-03-24 to 2021-06-24,Medium,Negative,"The acquisition of Bank of East Asia's life insurance unit by AIA could bolster AIA's market position and product offerings, potentially drawing customers away from competitors like FWD Insurance, thereby negatively impacting FWD's VNB in the tied agency channel.",2021-03-24,2021-06-24,5
"Bank of East Asia sells its insurance business to AIA Group, enhancing AIA's distribution network in Hong Kong.",2021-03-24 to 2022-03-24,High,Negative,"The sale of BEA Life to AIA allows AIA to leverage BEA's extensive branch network to distribute its insurance products more effectively, potentially diminishing FWD Insurance's market share and sales through the tied agency channel in Hong Kong.",2021-03-24,2022-03-24,6
Axa's ransomware attack affecting operations in Hong Kong and other Asian countries,2023-05-16 to 2023-08-16,High,Negative,"The ransomware attack on Axa could lead to a loss of consumer trust in insurance companies, particularly affecting Axa's sales. This may also create an opportunity for competitors like FWD Insurance to capture market share, but the overall sentiment in the market may be negatively impacted, leading to reduced insurance sales across the board.",2023-05-16,2023-08-16,7
"AIA Group's acquisition of a stake in China Post Life Insurance, increasing competition in the Hong Kong insurance market.",2021-06-29 to 2022-06-29,Medium,Negative,"AIA's increased investment in China Post Life could enhance its competitiveness and market presence, potentially drawing customers away from FWD Insurance, especially in the tied agency channel where personal relationships and trust play a significant role in sales. This could lead to a decline in new business for FWD.",2021-06-29,2022-06-29,8
AIA's acquisition of a 25% stake in a subsidiary of China’s postal service,2021-07-01 to 2022-06-30,Medium,Negative,"AIA's investment in a joint venture with China Post may enhance its market presence, particularly in rural areas, which could lead to increased competition for FWD Insurance. This could negatively impact FWD's sales through its tied agency channel as AIA might attract customers seeking new products or enhanced services.",2021-07-01,2022-06-30,9
"Prudential reports a 25% increase in new business profit and considers raising equity, indicating strong performance in the insurance market.",2023-08-11 to 2023-12-31,High,Negative,"Prudential's strong performance and potential equity raise may attract customers away from FWD Insurance, negatively impacting FWD's new business value as competition intensifies.",2023-08-11,2023-12-31,10
"Prudential's demerger of its US business and focus on Asia, including a drop in new sales in Hong Kong.",2021-08-11 to 2022-01-11,Medium,Negative,"Prudential's decline in new sales in Hong Kong by 35% indicates a challenging environment for insurance sales. As a major competitor focusing on Asia, the disruption in their business could potentially shift customer attention to FWD Insurance, but the overall negative sentiment in the market may still affect FWD's sales.",2021-08-11,2022-01-11,11
Prudential's strong sales performance and digital transformation strategy,2021-08-13 to 2021-12-31,Medium,Negative,"Prudential's successful sales performance and plans to enhance their digital offerings could draw potential customers away from FWD Insurance, affecting FWD's new business value negatively.",2021-08-13,2021-12-31,12
HSBC's acquisition of AXA's Singapore assets and its strategy to scale up in wealth-management and insurance.,2021-08-16 to 2022-01-16,Medium,Negative,"HSBC's acquisition could strengthen its position in the insurance market, potentially drawing customers away from competitors like FWD Insurance, thereby negatively impacting FWD's VNB as competition increases.",2021-08-16,2022-01-16,13
HSBC's acquisition of AXA's insurance business in Singapore could lead to increased competition in the Hong Kong insurance market.,2021-08-16 to 2022-08-16,Medium,Negative,"The acquisition allows HSBC to enhance its wealth management and insurance offerings, potentially attracting affluent clients away from competitors like FWD Insurance. This increased competition could negatively impact FWD's sales and VNB.",2021-08-16,2022-08-16,14
"AIA Group posts a jump in first-half new business value, showing recovery in the Hong Kong market.",2021-08-17 to 2021-12-31,High,Negative,"The increase in AIA's new business value indicates that competitors are recovering from the pandemic and gaining market share. This could lead to reduced sales for FWD Insurance as customers may be attracted to AIA's offerings, especially considering the reliance on tied agents for product sales.",2021-08-17,2021-12-31,15
"AIA Group Ltd's interim dividend increase and rise in first-half new business value, with limited growth in Hong Kong due to ongoing travel restrictions.",2021-08-17 to 2022-01-17,Medium,Negative,"AIA's growth in new business value highlights competitive pressures in the market, particularly as they are recovering from pandemic impacts while FWD may struggle with similar challenges. The limited growth in Hong Kong suggests a challenging environment that may affect FWD's sales dynamics.",2021-08-17,2022-01-17,16
Prudential's HK$18.8 billion share offering and strategic focus on growth in Asia,2021-10-01 to 2022-03-31,High,Negative,"Prudential's significant capital raise and strategic shift towards investment in Asian markets, particularly after their demerger, positions them for aggressive competition against FWD Insurance. This could lead to increased market share for Prudential at the expense of FWD, negatively impacting FWD's sales and VNB.",2021-10-01,2022-03-31,17
"Chubb Ltd's acquisition of Cigna Corp's life and accident health business in Asia Pacific, including Hong Kong.",2022-01-01 to 2022-12-31,Medium,Negative,"The acquisition by Chubb could intensify competition in the Hong Kong insurance market, potentially leading to a loss of market share for FWD Insurance's tied agency channel as Chubb integrates Cigna's existing client base and products, which may attract customers away from FWD.",2022-01-01,2022-12-31,18
"AXA announced a significant share buyback and reported strong financial results, indicating a solid market position.",2021-11-04 to 2022-03-04,Medium,Negative,"AXA's strong performance and share buyback may attract agents and customers away from FWD Insurance, potentially decreasing FWD's sales and VNB in the tied agency channel.",2021-11-04,2022-03-04,19
AXA announces share buyback and reports growth in life and savings division,2021-11-05 to 2022-04-05,Medium,Negative,"AXA's announcement of a share buyback and strong performance in life and savings suggests increased competition in the market. This could draw potential clients away from FWD Insurance, impacting its tied agency channel sales negatively.",2021-11-05,2022-04-05,20
"AIA Group reports a 4% increase in quarterly VONB, indicating strong growth in the Hong Kong insurance market.",2021-11-12 to 2022-01-12,High,Negative,"The reported growth by AIA in the Hong Kong market could lead to increased competition for FWD Insurance, potentially impacting its own sales and VNB negatively as customers may be attracted to AIA's offerings.",2021-11-12,2022-01-12,21
AIA Group's divestment from coal investments and focus on green initiatives,2021-12-08 to 2022-03-08,Medium,Negative,"AIA's significant move towards sustainable investments and reducing carbon footprints may attract environmentally conscious customers, potentially drawing business away from competitors like FWD Insurance. This could negatively impact FWD's VNB as AIA positions itself as a leader in responsible investing.",2021-12-08,2022-03-08,22
FWD Group raising $1.4 billion from investors to reduce debt ahead of IPO plans.,2021-12-14 to 2022-06-30,Medium,Positive,"The fundraising effort indicates a strong investor confidence in FWD, which may enhance its capacity for growth-related investments and potentially strengthen its market position in Hong Kong. This could positively influence FWD's ability to compete in the tied agency channel, particularly as they plan to expand their offerings post-IPO.",2021-12-14,2022-06-30,23
FWD Group withdraws IPO plans amid geopolitical tensions and explores listing in Hong Kong instead,2021-12-20 to 2022-03-20,Medium,Negative,"The withdrawal of the IPO could lead to uncertainty and reduced investor confidence in FWD, potentially impacting its sales through the tied agency channel in Hong Kong, especially if consumers perceive instability. Additionally, focusing on the Hong Kong market may limit access to capital and growth opportunities that could have come from a U.S. listing.",2021-12-20,2022-03-20,24
Management shake-up at Prudential with a new focus on Asia,2022-02-10 to 2022-05-10,Medium,Negative,"The management changes at Prudential may lead to a more focused strategy in Asia, potentially resulting in increased competitiveness in the market. This could affect FWD Insurance's VNB negatively as Prudential strengthens its local management and relationships, which may attract customers away from FWD.",2022-02-10,2022-05-10,25
"Prudential's shift of leadership to be based in Asia, focusing on growth in the region.",2022-02-10 to 2023-02-10,Medium,Negative,"The concentration of Prudential's management in Asia, particularly in Hong Kong, may enhance their competitive positioning and strategic focus on the local market, potentially drawing clients away from FWD Insurance's tied agency channel.",2022-02-10,2023-02-10,26
AIA Group's establishment of a health insurance technology business with Discovery Ltd.,2022-02-15 to 2023-02-15,Medium,Negative,"The joint venture between AIA and Discovery may enhance AIA's offerings and competitiveness in the health insurance market, potentially drawing customers away from FWD Insurance's tied agency channel.",2022-02-15,2023-02-15,27
Prudential's leadership changes and ongoing operational challenges in Hong Kong,2022-02-16 to 2022-05-16,Medium,Negative,"The uncertainty surrounding Prudential's leadership and their operational focus on China during a politically sensitive time in Hong Kong could lead to a decrease in customer confidence and market share for Prudential. This may create an opportunity for FWD Insurance to capture market share, but the overall negative sentiment may still impact sales across the insurance sector.",2022-02-16,2022-05-16,28
"FWD Group Holdings Ltd. filed for an initial public offering in Hong Kong, aiming to raise about $1 billion.",2023-05-01 to 2023-08-01,Medium,Positive,"The IPO could enhance FWD's financial stability and market presence, potentially leading to increased consumer confidence and sales through the tied agency channel. A successful IPO may also provide additional capital for marketing and product development, which can positively influence VNB.",2023-05-01,2023-08-01,29
"Prudential's shift in focus towards high-growth markets in Asia, including a $2.4bn equity raise in Hong Kong.",2022-03-11 to 2022-09-11,Medium,Negative,"Prudential's focus on high-growth markets and significant equity raise could intensify competition in Hong Kong, potentially drawing customers away from FWD Insurance, especially if Prudential launches new products tailored to local demographics.",2022-03-11,2022-09-11,30
HSBC's expansion in Asia's wealth business and increased hiring of wealth planners.,2022-04-13 to 2023-04-13,Medium,Negative,"HSBC's aggressive growth strategy and hiring of wealth planners could divert affluent customers away from FWD Insurance, impacting its new business value as competition intensifies in the Hong Kong insurance market.",2022-04-13,2023-04-13,31
Manulife and Sun Life report decline in sales and new business disruptions in Hong Kong due to COVID-19 impacts.,2022-05-12 to 2022-08-12,High,Negative,"The decline in sales reported by Manulife and Sun Life indicates a challenging environment for insurance sales in Hong Kong, which could reduce overall market demand and negatively impact FWD Insurance's VNB through increased competition and reduced consumer confidence.",2022-05-12,2022-08-12,32
"Prudential appoints new CEO with a focus on Asia, potentially intensifying competition in the Hong Kong insurance market.",2023-02-01 to 2023-08-01,Medium,Negative,"The appointment of Anil Wadhwani, a seasoned executive with experience in the Asia insurance market, may enhance Prudential's competitive positioning in Hong Kong. This could lead to increased competition for FWD Insurance, potentially impacting its sales and VNB negatively as Prudential may introduce more innovative products or aggressive marketing strategies.",2023-02-01,2023-08-01,33
Postponement of FWD's Hong Kong IPO and its implications for market perception,2022-05-31 to 2023-05-31,Medium,Negative,"The postponement of FWD's IPO in Hong Kong signals uncertainty and potentially diminished investor confidence in the company's valuation and growth prospects, which may deter new business from the tied agency channel. This situation, combined with a slowing economy and reduced market activity, can negatively impact the VNB in the short term.",2022-05-31,2023-05-31,34
Prudential's APE sales in Hong Kong contracted by 10% in the first half of the year due to COVID-19 curbs and macroeconomic challenges.,2022-08-10 to 2023-02-10,High,Negative,"The contraction of Prudential's APE sales indicates a downturn in demand for insurance products in the Hong Kong market, which could lead to increased competition and pressure on FWD Insurance's VNB as consumers may be less inclined to purchase new policies during challenging economic conditions.",2022-08-10,2023-02-10,35
Prudential's steep fall in new business profits in Hong Kong due to challenging market conditions and pandemic effects.,2022-08-10 to 2022-12-31,High,Negative,"Prudential's significant drop in new business profits indicates that the market is currently facing challenges, which may lead potential customers to be more hesitant in purchasing insurance products. This environment could adversely affect FWD Insurance's VNB as customers may opt for more cautious financial decisions.",2022-08-10,2022-12-31,36
Prudential's shift in focus to Asia and leadership transition impacting its new business profits,2022-09-02 to 2023-03-02,High,Negative,"Prudential's new business profits in Hong Kong fell by almost a third, indicating a significant downturn in sales. The transition of leadership and strategic focus amidst economic downturns and geopolitical instability creates uncertainty, which may lead to decreased consumer confidence in insurance products. This presents a strong negative impact on the market, potentially affecting FWD Insurance as it competes for market share.",2022-09-02,2023-03-02,37
Increased interest in purchasing insurance products in Macau due to currency depreciation and economic uncertainty in China.,2022-10-17 to 2023-01-17,Medium,Positive,"As Chinese investors seek to hedge against a weak yuan and find attractive long-term yields, this trend could lead to increased demand for insurance products from FWD Insurance as they compete for customers seeking security in their investments amidst uncertainty. The reopening of borders between Hong Kong and the mainland is expected to further boost sales.",2022-10-17,2023-01-17,38
"AIA Group reports a rise in quarterly new business value, indicating improved sales and agent productivity in Hong Kong.",2022-10-31 to 2023-01-31,High,Negative,"The rise in AIA's new business value and the reported increase in agent recruitment and productivity suggests heightened competition in the Hong Kong insurance market, which could negatively impact FWD Insurance's VNB as customers may be attracted to AIA's offerings.",2022-10-31,2023-01-31,39
AIA Group Ltd reports growth in Hong Kong business due to increased visitor numbers post COVID-19 restrictions.,2023-03-10 to 2023-06-30,High,Negative,"As AIA's Hong Kong business experiences growth fueled by recovery in new sales and increased mainland Chinese visitors, FWD Insurance may face heightened competition, potentially impacting its VNB negatively.",2023-03-10,2023-06-30,40
Bowtie Life Insurance's expansion and competitive pricing strategy in the Hong Kong insurance market.,2023-03-10 to 2023-09-10,High,Negative,"Bowtie's emergence as a strong competitor with a significant online presence and lower premium rates could lead to a decrease in market share for FWD Insurance's tied agency channel. The ease of digital processes and affordability of Bowtie's offerings might attract customers away from traditional players, impacting their new business volume.",2023-03-10,2023-09-10,41
Prudential's improved sales due to an increase in Chinese mainland visitors to Hong Kong and the removal of COVID-19 restrictions.,2023-03-15 to 2023-06-30,Medium,Negative,"Prudential's growth in new sales is expected to increase due to improved visitor numbers, which could draw potential clients away from FWD Insurance's tied agency channel, negatively impacting FWD's VNB.",2023-03-15,2023-06-30,42
"Prudential reports mixed results and anticipates a neutral to negative share price reaction, while sales from Chinese mainland visitors are increasing.",2023-03-16 to 2023-06-16,Medium,Negative,"The anticipation of a neutral to negative reaction in Prudential's share price may indicate increased competition for FWD Insurance, particularly if Prudential's sales from mainland visitors pick up and draw potential clients away from FWD. This could negatively impact FWD's VNB as Prudential strengthens its position in the market.",2023-03-16,2023-06-16,43
FWD Insurance preparing for a Hong Kong IPO after previous delays,2023-03-22 to 2024-03-22,Medium,Positive,"The IPO could enhance FWD's brand visibility and financial stability, potentially attracting more clients and increasing sales through the tied agency channel. Additionally, the positive growth in VNB reported indicates that FWD is gaining traction in a competitive market.",2023-03-22,2024-03-22,44
"AIA Group Ltd reports a 28% rise in first-quarter new business value in Hong Kong, driven by increased sales from domestic customers and mainland Chinese visitors.",2023-04-27 to 2023-12-31,High,Negative,"AIA's significant growth in new business value and the recovery of sales from mainland Chinese visitors indicate a competitive advantage that could draw potential customers away from FWD Insurance, leading to a negative impact on FWD's VNB.",2023-04-27,2023-12-31,45
Prudential's CFO resignation and management instability,2023-05-31 to 2023-08-31,Medium,Negative,"The resignation of Prudential's CFO may create uncertainty and instability within the company, potentially affecting its sales performance. Negative headlines can distract customers and agents, leading to a decrease in insurance sales. This could indirectly benefit FWD Insurance as customers may look for more stable alternatives.",2023-05-31,2023-08-31,46
Prudential's CFO resignation following a code of conduct investigation,2023-06-01 to 2023-09-01,Medium,Negative,"The resignation of Prudential's CFO may create uncertainty within the company, which could lead to a temporary decline in their insurance sales as potential clients may perceive instability. This situation could redirect attention and resources from Prudential to address internal issues, potentially benefiting competitors like FWD Insurance in the short term.",2023-06-01,2023-09-01,47
Increased demand for Hong Kong insurance products among Chinese investors due to economic uncertainty in China.,2023-07-06 to 2023-09-06,High,Positive,"The surge in offshore investments in Hong Kong insurance indicates that FWD Insurance could benefit from increased sales as mainland Chinese clients seek better financial security and higher returns than available in their domestic market. Competitors like AIA, Prudential, and Manulife have already reported significant increases in business from mainland investors, suggesting a favorable market environment for FWD as well.",2023-07-06,2023-09-06,48
Surge in demand for Hong Kong insurance policies from mainland Chinese investors amid concerns over China's economic outlook.,2023-07-06 to 2023-09-06,High,Positive,"The significant increase in new premiums collected on Hong Kong insurance policies, attributed to mainland investors seeking safer investment options and better returns, is likely to positively impact FWD Insurance's VNB through the tied agency channel. The ongoing uncertainty in China's economy encourages more mainland Chinese to invest in Hong Kong insurance products, leading to increased sales.",2023-07-06,2023-09-06,49
Manulife's strong insurance sales in Asia as mainland Chinese customers return to Hong Kong for policies.,2023-08-10 to 2023-12-31,High,Negative,"Manulife's improved sales and performance in the Hong Kong market may attract customers away from FWD Insurance, affecting its VNB negatively as competition intensifies.",2023-08-10,2023-12-31,50
AIA Hong Kong experiences a surge in new business value due to returning mainland Chinese travelers and increased demand for insurance products.,2023-08-24 to 2023-12-31,High,Negative,"AIA's significant growth in new business value may attract potential customers away from FWD Insurance, particularly in the tied agency channel, impacting FWD's sales negatively.",2023-08-24,2023-12-31,51
Prudential and AIA report significant increases in VNB due to the return of mainland Chinese visitors purchasing insurance in Hong Kong.,2023-07-01 to 2023-12-31,High,Negative,"The strong performance of competitors like Prudential and AIA, driven by the influx of mainland Chinese visitors, indicates that FWD Insurance may face increased competition, which could negatively impact its own VNB as these visitors are likely to choose established brands with proven track records.",2023-07-01,2023-12-31,52
Prudential's commitment to 15-20% growth in new business profit and strong sales performance in Hong Kong.,2023-09-01 to 2024-02-29,High,Negative,"Prudential's aggressive growth target and significant rise in new business profits, particularly from mainland Chinese customers, could divert potential clients away from FWD Insurance. As Prudential capitalizes on the returning demand for insurance in Hong Kong, FWD may experience decreased sales through its tied agency channel.",2023-09-01,2024-02-29,53
Prudential's new plans to reduce reliance on Hong Kong and China while expanding in other markets.,2023-09-01 to 2024-03-01,Medium,Negative,"Prudential's shift in strategy may divert attention and resources away from its Hong Kong operations, potentially impacting competition in the tied agency channel. If Prudential successfully captures growth in other markets, it may lead to decreased focus and investment in Hong Kong, negatively affecting FWD Insurance's sales.",2023-09-01,2024-03-01,54
Prudential's new strategy to improve customer experience and invest $1 billion in technology and resources.,2023-09-01 to 2025-12-31,Medium,Negative,"Prudential's aggressive investment and strategy could attract customers away from FWD Insurance, particularly in the tied agency channel. Their focus on technology and customer experience may make their offerings more appealing, which could negatively impact FWD's insurance sales.",2023-09-01,2025-12-31,55
"Legal ruling providing protections for same-sex couples in Hong Kong, potentially influencing insurance products.",2023-09-05 to 2025-09-05,Medium,Positive,"The ruling opens the door for more inclusive insurance products tailored for same-sex couples, potentially increasing market opportunities for FWD Insurance. As public awareness and understanding grow, demand for such products may rise, positively impacting VNB.",2023-09-05,2025-09-05,56
"Prudential's recent issues with a conflict of interest and the departure of a key executive may lead to uncertainty in their operations, affecting competition in the Hong Kong insurance market.",2023-09-22 to 2023-12-31,Medium,Negative,"The resignation of Prudential's CFO amid a scandal could lead to a temporary decline in customer confidence and sales for Prudential, potentially benefiting FWD Insurance as customers may seek stability and reliability from other insurers. However, Prudential's prior success in attracting new business could mitigate this effect.",2023-09-22,2023-12-31,57
Surge in insurance sales in Hong Kong driven by demand from mainland Chinese tourists.,2023-09-22 to 2024-03-22,High,Positive,"The reopening of the border with mainland China has led to a significant increase in demand for insurance products in Hong Kong, particularly from mainland tourists seeking to diversify their investments. This trend benefits FWD Insurance by increasing overall market demand, which is likely to enhance its VNB through increased sales via the tied agency channel.",2023-09-22,2024-03-22,58
"AIA Group's 35% increase in third-quarter value of new business, driven by strong demand in Hong Kong and Mainland China.",2023-11-01 to 2024-01-31,High,Negative,"AIA's significant growth in new business value and strong sales performance, especially from Mainland Chinese visitors, could divert potential customers from FWD Insurance, negatively impacting its VNB in the tied agency channel.",2023-11-01,2024-01-31,59
Increased caution among investors regarding China's economic recovery leading to significant outflows from equities.,2023-11-06 to 2024-01-05,Medium,Negative,"The persistent outflows from China equities and cautious investor sentiment may lead to reduced demand for insurance products as financial stability and investment confidence decline. This could negatively impact FWD Insurance's VNB through the tied agency channel, as agents may find it harder to sell products in a less favorable economic environment.",2023-11-06,2024-01-05,60
"Manulife reports increased insurance sales and earnings in Asia, driven by demand from mainland Chinese visitors and higher interest rates.",2023-11-08 to 2024-02-08,High,Negative,"Manulife's strong performance and increased sales could attract customers away from FWD Insurance, especially if they offer competitive products. Increased competition in the tied agency channel may lead to a negative impact on FWD's VNB.",2023-11-08,2024-02-08,61
"FWD Group has cut around 50 jobs in its head offices, indicating a shift in strategy towards self-sustained profitability.",2023-02-01 to 2024-02-01,Medium,Negative,"The job cuts suggest a reduction in operational capacity and may lead to decreased morale among remaining staff, potentially impacting sales performance in the tied agency channel. Additionally, the focus on cost-cutting rather than growth could hinder new business acquisition.",2023-02-01,2024-02-01,62
Prudential's reported increase in new-business profit and growth strategies in Hong Kong,2024-03-20 to 2024-06-30,High,Negative,"Prudential's significant increase in new-business profit and their aggressive growth targets indicate that they are strengthening their competitive position in the Hong Kong market, which could divert potential customers away from FWD Insurance's tied agency channel.",2024-03-20,2024-06-30,63
Prudential's share price decline and disappointing new business profit report.,2024-05-23 to 2024-08-23,High,Negative,"Prudential's challenges, including a 30% drop in share price and slower growth in new business profit compared to AIA, may weaken overall consumer confidence in the insurance sector. This could result in reduced sales for competitors, including FWD Insurance, as market sentiment impacts purchasing decisions.",2024-05-23,2024-08-23,64
"Increase in insurance sales driven by mainland Chinese visitors, impacting competitors like AIA and Prudential.",2024-06-17 to 2024-12-31,High,Negative,"The significant increase in insurance sales to mainland Chinese visitors is likely to divert potential sales away from FWD Insurance, particularly as competitors like AIA and Prudential are already benefiting from this trend. The strong growth in the overall insurance market suggests that FWD may face challenges in maintaining its share.",2024-06-17,2024-12-31,65
Prudential's underperformance and strategic changes in response to competition in the Hong Kong insurance market,2024-06-18 to 2024-12-31,Medium,Negative,"Prudential's struggles and slow growth in Asia, coupled with AIA's aggressive capital returns and buyback strategies, may lead to a more competitive environment, potentially drawing customers away from FWD Insurance, impacting its VNB negatively.",2024-06-18,2024-12-31,66
"Prudential announced a $2bn share buyback, boosting investor sentiment and potentially increasing competition in the Hong Kong insurance market.",2024-06-24 to 2024-12-31,Medium,Negative,"The share buyback by Prudential is likely to boost its stock price and investor confidence, allowing it to enhance its market offerings, including new insurance products. This could lead to increased competition for FWD Insurance in the tied agency channel, potentially impacting its VNB negatively as consumers may be attracted to Prudential's improved position.",2024-06-24,2024-12-31,67
AIA Group fined HK$23 million for anti-money laundering oversight,2024-08-02 to 2024-12-31,Medium,Positive,"The record fine against AIA for regulatory issues may lead to a negative perception of AIA among consumers, potentially driving customers towards FWD Insurance, thus positively impacting FWD's VNB.",2024-08-02,2024-12-31,68
"Sun Life Financial reports strong growth in Asia, indicating increased competition.",2024-08-13 to 2025-02-13,High,Negative,"The strong performance of Sun Life in Asia, particularly with a 19% rise in core earnings, suggests that competitors like Sun Life are capturing market share. This could lead to decreased sales for FWD Insurance in the tied agency channel as agents may be inclined to promote products from more successful competitors.",2024-08-13,2025-02-13,69
"AIA Group reported a 25% increase in first-half value of new business (VONB), indicating strong demand for insurance products.",2024-08-22 to 2024-12-31,High,Negative,"The significant increase in AIA's VONB suggests that they are gaining market share and successfully attracting new customers, which could lead to a decrease in FWD Insurance's own sales through the tied agency channel.",2024-08-22,2024-12-31,70
"Prudential reported a 7% drop in APE sales in Hong Kong, indicating potential market challenges.",2023-08-28 to 2024-02-28,Medium,Negative,"The decline in Prudential's APE sales in Hong Kong suggests a potential slowdown in the insurance market, which could lead to increased competition and pressure on FWD Insurance's sales through the tied agency channel.",2023-08-28,2024-02-28,71
"AIA recorded a 21% increase in overall new business in Hong Kong driven by strong Chinese demand, while Prudential's growth stalled.",2024-08-28 to 2024-12-31,High,Negative,"The significant growth reported by AIA highlights increased competition for FWD Insurance, particularly in attracting Chinese visitors who are a key market segment. Prudential's stagnation further indicates a challenging environment, suggesting that FWD may struggle to maintain or grow its own VNB in the face of AIA's success.",2024-08-28,2024-12-31,72
