event,affected_time_period,impact_level,sentiment,reasoning,cluster_id,event_number,from,to
"AIA Group reported a 25% increase in first-half value of new business (VONB), indicating strong demand for insurance products.",2024-08-22 to 2024-12-31,High,Negative,"The significant increase in AIA's VONB suggests that they are gaining market share and successfully attracting new customers, which could lead to a decrease in FWD Insurance's own sales through the tied agency channel.",75,1,2024-08-22,2024-12-31
"Sun Life Financial reports strong growth in Asia, indicating increased competition.",2024-08-13 to 2025-02-13,High,Negative,"The strong performance of Sun Life in Asia, particularly with a 19% rise in core earnings, suggests that competitors like Sun Life are capturing market share. This could lead to decreased sales for FWD Insurance in the tied agency channel as agents may be inclined to promote products from more successful competitors.",74,2,2024-08-13,2025-02-13
Increase in insurance sales driven after publishing open border policy by mainland Chinese visitors.,2023-02-01 to 2024-10-31,High,Negative,"The significant increase in insurance sales to mainland Chinese visitors is likely to divert potential sales away from FWD Insurance, particularly as competitors like AIA and Prudential are already benefiting from this trend. The strong growth in the overall insurance market suggests that FWD may face challenges in maintaining its share.",70,3,2023-02-01,2024-10-31
Prudential's share price decline and disappointing new business profit report.,2024-05-23 to 2024-08-23,High,Negative,"Prudential's challenges, including a 30% drop in share price and slower growth in new business profit compared to AIA, may weaken overall consumer confidence in the insurance sector. This could result in reduced sales for competitors, including FWD Insurance, as market sentiment impacts purchasing decisions.",69,4,2024-05-23,2024-08-23
Prudential's reported increase in new-business profit and growth strategies in Hong Kong,2024-03-20 to 2024-06-30,High,Negative,"Prudential's significant increase in new-business profit and their aggressive growth targets indicate that they are strengthening their competitive position in the Hong Kong market, which could divert potential customers away from FWD Insurance's tied agency channel.",68,5,2024-03-20,2024-06-30
"Manulife reports increased insurance sales and earnings in Asia, driven by demand from mainland Chinese visitors and higher interest rates.",2023-11-08 to 2024-02-08,High,Negative,"Manulife's strong performance and increased sales could attract customers away from FWD Insurance, especially if they offer competitive products. Increased competition in the tied agency channel may lead to a negative impact on FWD's VNB.",65,6,2023-11-08,2024-02-08
"AIA Group's 35% increase in third-quarter value of new business, driven by strong demand in Hong Kong and Mainland China.",2023-11-01 to 2024-01-31,High,Negative,"AIA's significant growth in new business value and strong sales performance, especially from Mainland Chinese visitors, could divert potential customers from FWD Insurance, negatively impacting its VNB in the tied agency channel.",63,7,2023-11-01,2024-01-31
Surge in insurance sales in Hong Kong driven by demand from mainland Chinese tourists.,2023-09-22 to 2024-03-22,High,Positive,"The reopening of the border with mainland China has led to a significant increase in demand for insurance products in Hong Kong, particularly from mainland tourists seeking to diversify their investments. This trend benefits FWD Insurance by increasing overall market demand, which is likely to enhance its VNB through increased sales via the tied agency channel.",62,8,2023-09-22,2024-03-22
Prudential's commitment to 15-20% growth in new business profit and strong sales performance in Hong Kong.,2023-09-01 to 2024-02-29,High,Negative,"Prudential's aggressive growth target and significant rise in new business profits, particularly from mainland Chinese customers, could divert potential clients away from FWD Insurance. As Prudential capitalizes on the returning demand for insurance in Hong Kong, FWD may experience decreased sales through its tied agency channel.",57,9,2023-09-01,2024-02-29
AIA Hong Kong experiences a surge in new business value due to returning mainland Chinese travelers and increased demand for insurance products.,2023-08-24 to 2023-12-31,High,Negative,"AIA's significant growth in new business value may attract potential customers away from FWD Insurance, particularly in the tied agency channel, impacting FWD's sales negatively.",55,10,2023-08-24,2023-12-31
Manulife's strong insurance sales in Asia as mainland Chinese customers return to Hong Kong for policies.,2023-08-10 to 2023-12-31,High,Negative,"Manulife's improved sales and performance in the Hong Kong market may attract customers away from FWD Insurance, affecting its VNB negatively as competition intensifies.",54,11,2023-08-10,2023-12-31
Bowtie Life Insurance's expansion and competitive pricing strategy in the Hong Kong insurance market.,2023-03-10 to 2023-09-10,High,Negative,"Bowtie's emergence as a strong competitor with a significant online presence and lower premium rates could lead to a decrease in market share for FWD Insurance's tied agency channel. The ease of digital processes and affordability of Bowtie's offerings might attract customers away from traditional players, impacting their new business volume.",45,12,2023-03-10,2023-09-10
Surge in mainland Chinese investment in Hong Kong insurance policies,2023-01-01 to 2023-03-31,High,Positive,The significant increase in mainland Chinese investors purchasing Hong Kong insurance policies has led to a substantial rise in new premiums. This trend benefits FWD Insurance's VNB through the tied agency channel by increasing sales and market share.,53,13,2023-01-01,2023-03-31
"AIA Group reports a rise in quarterly new business value, indicating improved sales and agent productivity in Hong Kong.",2022-10-31 to 2023-01-31,High,Negative,"The rise in AIA's new business value and the reported increase in agent recruitment and productivity suggests heightened competition in the Hong Kong insurance market, which could negatively impact FWD Insurance's VNB as customers may be attracted to AIA's offerings.",43,14,2022-10-31,2023-01-31
Prudential's shift in focus to Asia and leadership transition impacting its new business profits,2022-09-02 to 2023-03-02,High,Negative,"Prudential's new business profits in Hong Kong fell by almost a third, indicating a significant downturn in sales. The transition of leadership and strategic focus amidst economic downturns and geopolitical instability creates uncertainty, which may lead to decreased consumer confidence in insurance products. This presents a strong negative impact on the market, potentially affecting FWD Insurance as it competes for market share.",40,15,2022-09-02,2023-03-02
Prudential's APE sales in Hong Kong contracted by 10% in the first half of the year due to COVID-19 curbs and macroeconomic challenges.,2022-08-10 to 2023-02-10,High,Negative,"The contraction of Prudential's APE sales indicates a downturn in demand for insurance products in the Hong Kong market, which could lead to increased competition and pressure on FWD Insurance's VNB as consumers may be less inclined to purchase new policies during challenging economic conditions.",38,16,2022-08-10,2023-02-10
Prudential's steep fall in new business profits in Hong Kong due to challenging market conditions and pandemic effects.,2022-08-10 to 2022-12-31,High,Negative,"Prudential's significant drop in new business profits indicates that the market is currently facing challenges, which may lead potential customers to be more hesitant in purchasing insurance products. This environment could adversely affect FWD Insurance's VNB as customers may opt for more cautious financial decisions.",39,17,2022-08-10,2022-12-31
Manulife and Sun Life report decline in sales and new business disruptions in Hong Kong due to COVID-19 impacts.,2022-05-12 to 2022-08-12,High,Negative,"The decline in sales reported by Manulife and Sun Life indicates a challenging environment for insurance sales in Hong Kong, which could reduce overall market demand and negatively impact FWD Insurance's VNB through increased competition and reduced consumer confidence.",34,18,2022-05-12,2022-08-12
"AIA Group reports a 4% increase in quarterly VONB, indicating strong growth in the Hong Kong insurance market.",2021-11-01 to 2022-01-12,High,Negative,"The reported growth by AIA in the Hong Kong market could lead to increased competition for FWD Insurance, potentially impacting its own sales and VNB negatively as customers may be attracted to AIA's offerings.",22,19,2021-11-01,2022-01-12
Prudential's HK$18.8 billion share offering and strategic focus on growth in Asia,2021-02-01 to 2022-01-31,High,Negative,"Prudential's significant capital raise and strategic shift towards investment in Asian markets, particularly after their demerger, positions them for aggressive competition against FWD Insurance. This could lead to increased market share for Prudential at the expense of FWD, negatively impacting FWD's sales and VNB.",18,20,2021-02-01,2022-01-31
"Bank of East Asia sells its insurance business to AIA Group, enhancing AIA's distribution network in Hong Kong.",2021-03-24 to 2022-03-24,High,Negative,"The sale of BEA Life to AIA allows AIA to leverage BEA's extensive branch network to distribute its insurance products more effectively, potentially diminishing FWD Insurance's market share and sales through the tied agency channel in Hong Kong.",5,21,2021-03-24,2022-03-24
"Prudential plans to raise $3bn in equity to enhance growth opportunities in Asia, including Hong Kong.",2021-03-05 to 2021-06-30,High,Negative,"Prudential's significant equity raise and focus on enhancing their growth in Asia, which includes the Hong Kong market, may lead to increased competition for FWD Insurance. With Prudential's strong performance and new product launches, they could attract more agents and clients, negatively impacting FWD's tied agency channel sales.",3,22,2021-03-05,2021-06-30
Pandemic-induced travel restrictions in Hong Kong affecting sales to Mainland Chinese visitors,2021-01-01 to 2021-06-30,High,Negative,"The ongoing travel restrictions due to the pandemic have significantly reduced the number of Mainland Chinese visitors purchasing insurance products through tied agency channels, which were a major source of sales for insurers like AIA. As FWD Insurance operates in the same market and relies on similar sales channels, it is likely experiencing a comparable decline in VNB.",17,23,2021-01-01,2021-06-30
Super Typhoon Saola causing catastrophic flooding in Hong Kong,2023-09-01 to 2023-09-30,High,Negative,"The catastrophic flooding from Super Typhoon Saola has led to increased insurance claims and heightened reinsurance costs. This may result in higher insurance premiums and reduced sales through the tied agency channel, thereby negatively impacting FWD Insurance's VNB.",79,24,2023-09-01,2023-09-30
COVID-19 Pandemic Management in Hong Kong (January to December 2022),2022-02-01 to 2022-12-28,High,Negative,"The ongoing COVID-19 pandemic led to economic uncertainty and shifts in consumer behavior, which likely reduced the willingness of individuals to purchase new insurance products. Additionally, disruptions caused by the pandemic may have affected the operations of tied agency channels, impacting FWD Insurance's VNB",80,25,2022-02-01,2022-12-28
COVID-19 OMICRON PEAK,2022-01-01 to 2022-03-31,High,Negative,COVID-19 OMICRON PEAK,81,26,2022-01-01,2022-03-31
Cross-boundary WMC,2021-09-01 to 2021-10-01,High,Positive," The scheme was launched in September 2021, allowing eligible Mainland, Hong Kong and Macao residents in the Guangdong-Hong Kong-Macao Greater Bay Area (“GBA”) to invest in wealth management products distributed by banks in each other’s market through a closed-loop funds flow channel established between their respective banking systems. ",82,27,2021-09-01,2021-10-01
